2026-09-12 00:38:02.416 Uvicorn server started on 127.0.0.1:8501
2026-09-12 00:38:44.790 Please replace `use_container_width` with `width`.

`use_container_width` will be removed after 2025-12-31.

For `use_container_width=True`, use `width='stretch'`. For `use_container_width=False`, use `width='content'`.
2026-09-12 00:38:44.870 `label` got an empty value. This is discouraged for accessibility reasons and may be disallowed in the future by raising an exception. Please provide a non-empty label and hide it with label_visibility if needed.
Stack (most recent call last):
  File "C:\Users\NEC JAPAN\AppData\Local\Python\pythoncore-3.14-64\Lib\threading.py", line 1044, in _bootstrap
    self._bootstrap_inner()
  File "C:\Users\NEC JAPAN\AppData\Local\Python\pythoncore-3.14-64\Lib\threading.py", line 1082, in _bootstrap_inner
    self._context.run(self.run)
  File "C:\Users\NEC JAPAN\AppData\Local\Python\pythoncore-3.14-64\Lib\threading.py", line 1024, in run
    self._target(*self._args, **self._kwargs)
  File "C:\Users\NEC JAPAN\AppData\Local\Python\pythoncore-3.14-64\Lib\site-packages\streamlit\runtime\scriptrunner\script_runner.py", line 399, in _run_script_thread
    self._run_script(request.rerun_data)
  File "C:\Users\NEC JAPAN\AppData\Local\Python\pythoncore-3.14-64\Lib\site-packages\streamlit\runtime\scriptrunner\script_runner.py", line 852, in _run_script
    ) = exec_func_with_error_handling(code_to_exec, ctx)
  File "C:\Users\NEC JAPAN\AppData\Local\Python\pythoncore-3.14-64\Lib\site-packages\streamlit\runtime\scriptrunner\exec_code.py", line 136, in exec_func_with_error_handling
    result = func()
  File "C:\Users\NEC JAPAN\AppData\Local\Python\pythoncore-3.14-64\Lib\site-packages\streamlit\runtime\scriptrunner\script_runner.py", line 827, in code_to_exec
    exec(code, module.__dict__)  # noqa: S102
  File "C:\Users\NEC JAPAN\Desktop\main\asaan-qanoon-ai\streamlit_app.py", line 56, in <module>
    page=st.radio("",["Dashboard","AI Assistant","Action Plans","Documents","Knowledge Sources","System Health"],label_visibility="collapsed")
  File "C:\Users\NEC JAPAN\AppData\Local\Python\pythoncore-3.14-64\Lib\site-packages\streamlit\runtime\metrics_util.py", line 725, in wrapped_func
    result = non_optional_func(*args, **kwargs)
  File "C:\Users\NEC JAPAN\AppData\Local\Python\pythoncore-3.14-64\Lib\site-packages\streamlit\elements\widgets\radio.py", line 421, in radio
    return self._radio(
  File "C:\Users\NEC JAPAN\AppData\Local\Python\pythoncore-3.14-64\Lib\site-packages\streamlit\elements\widgets\radio.py", line 470, in _radio
    label = maybe_raise_label_warnings(label, label_visibility)
  File "C:\Users\NEC JAPAN\AppData\Local\Python\pythoncore-3.14-64\Lib\site-packages\streamlit\elements\lib\policies.py", line 169, in maybe_raise_label_warnings
    _LOGGER.warning(
2026-09-12 00:38:58.889 Please replace `use_container_width` with `width`.

`use_container_width` will be removed after 2025-12-31.

For `use_container_width=True`, use `width='stretch'`. For `use_container_width=False`, use `width='content'`.
2026-09-12 00:38:58.895 `label` got an empty value. This is discouraged for accessibility reasons and may be disallowed in the future by raising an exception. Please provide a non-empty label and hide it with label_visibility if needed.
Stack (most recent call last):
  File "C:\Users\NEC JAPAN\AppData\Local\Python\pythoncore-3.14-64\Lib\threading.py", line 1044, in _bootstrap
    self._bootstrap_inner()
  File "C:\Users\NEC JAPAN\AppData\Local\Python\pythoncore-3.14-64\Lib\threading.py", line 1082, in _bootstrap_inner
    self._context.run(self.run)
  File "C:\Users\NEC JAPAN\AppData\Local\Python\pythoncore-3.14-64\Lib\threading.py", line 1024, in run
    self._target(*self._args, **self._kwargs)
  File "C:\Users\NEC JAPAN\AppData\Local\Python\pythoncore-3.14-64\Lib\site-packages\streamlit\runtime\scriptrunner\script_runner.py", line 399, in _run_script_thread
    self._run_script(request.rerun_data)
  File "C:\Users\NEC JAPAN\AppData\Local\Python\pythoncore-3.14-64\Lib\site-packages\streamlit\runtime\scriptrunner\script_runner.py", line 852, in _run_script
    ) = exec_func_with_error_handling(code_to_exec, ctx)
  File "C:\Users\NEC JAPAN\AppData\Local\Python\pythoncore-3.14-64\Lib\site-packages\streamlit\runtime\scriptrunner\exec_code.py", line 136, in exec_func_with_error_handling
    result = func()
  File "C:\Users\NEC JAPAN\AppData\Local\Python\pythoncore-3.14-64\Lib\site-packages\streamlit\runtime\scriptrunner\script_runner.py", line 827, in code_to_exec
    exec(code, module.__dict__)  # noqa: S102
  File "C:\Users\NEC JAPAN\Desktop\main\asaan-qanoon-ai\streamlit_app.py", line 56, in <module>
    page=st.radio("",["Dashboard","AI Assistant","Action Plans","Documents","Knowledge Sources","System Health"],label_visibility="collapsed")
  File "C:\Users\NEC JAPAN\AppData\Local\Python\pythoncore-3.14-64\Lib\site-packages\streamlit\runtime\metrics_util.py", line 725, in wrapped_func
    result = non_optional_func(*args, **kwargs)
  File "C:\Users\NEC JAPAN\AppData\Local\Python\pythoncore-3.14-64\Lib\site-packages\streamlit\elements\widgets\radio.py", line 421, in radio
    return self._radio(
  File "C:\Users\NEC JAPAN\AppData\Local\Python\pythoncore-3.14-64\Lib\site-packages\streamlit\elements\widgets\radio.py", line 470, in _radio
    label = maybe_raise_label_warnings(label, label_visibility)
  File "C:\Users\NEC JAPAN\AppData\Local\Python\pythoncore-3.14-64\Lib\site-packages\streamlit\elements\lib\policies.py", line 169, in maybe_raise_label_warnings
    _LOGGER.warning(
2026-09-12 00:39:07.013 Please replace `use_container_width` with `width`.

`use_container_width` will be removed after 2025-12-31.

For `use_container_width=True`, use `width='stretch'`. For `use_container_width=False`, use `width='content'`.
2026-09-12 00:39:07.017 `label` got an empty value. This is discouraged for accessibility reasons and may be disallowed in the future by raising an exception. Please provide a non-empty label and hide it with label_visibility if needed.
Stack (most recent call last):
  File "C:\Users\NEC JAPAN\AppData\Local\Python\pythoncore-3.14-64\Lib\threading.py", line 1044, in _bootstrap
    self._bootstrap_inner()
  File "C:\Users\NEC JAPAN\AppData\Local\Python\pythoncore-3.14-64\Lib\threading.py", line 1082, in _bootstrap_inner
    self._context.run(self.run)
  File "C:\Users\NEC JAPAN\AppData\Local\Python\pythoncore-3.14-64\Lib\threading.py", line 1024, in run
    self._target(*self._args, **self._kwargs)
  File "C:\Users\NEC JAPAN\AppData\Local\Python\pythoncore-3.14-64\Lib\site-packages\streamlit\runtime\scriptrunner\script_runner.py", line 399, in _run_script_thread
    self._run_script(request.rerun_data)
  File "C:\Users\NEC JAPAN\AppData\Local\Python\pythoncore-3.14-64\Lib\site-packages\streamlit\runtime\scriptrunner\script_runner.py", line 852, in _run_script
    ) = exec_func_with_error_handling(code_to_exec, ctx)
  File "C:\Users\NEC JAPAN\AppData\Local\Python\pythoncore-3.14-64\Lib\site-packages\streamlit\runtime\scriptrunner\exec_code.py", line 136, in exec_func_with_error_handling
    result = func()
  File "C:\Users\NEC JAPAN\AppData\Local\Python\pythoncore-3.14-64\Lib\site-packages\streamlit\runtime\scriptrunner\script_runner.py", line 827, in code_to_exec
    exec(code, module.__dict__)  # noqa: S102
  File "C:\Users\NEC JAPAN\Desktop\main\asaan-qanoon-ai\streamlit_app.py", line 56, in <module>
    page=st.radio("",["Dashboard","AI Assistant","Action Plans","Documents","Knowledge Sources","System Health"],label_visibility="collapsed")
  File "C:\Users\NEC JAPAN\AppData\Local\Python\pythoncore-3.14-64\Lib\site-packages\streamlit\runtime\metrics_util.py", line 725, in wrapped_func
    result = non_optional_func(*args, **kwargs)
  File "C:\Users\NEC JAPAN\AppData\Local\Python\pythoncore-3.14-64\Lib\site-packages\streamlit\elements\widgets\radio.py", line 421, in radio
    return self._radio(
  File "C:\Users\NEC JAPAN\AppData\Local\Python\pythoncore-3.14-64\Lib\site-packages\streamlit\elements\widgets\radio.py", line 470, in _radio
    label = maybe_raise_label_warnings(label, label_visibility)
  File "C:\Users\NEC JAPAN\AppData\Local\Python\pythoncore-3.14-64\Lib\site-packages\streamlit\elements\lib\policies.py", line 169, in maybe_raise_label_warnings
    _LOGGER.warning(
2026-09-12 00:39:10.980 Please replace `use_container_width` with `width`.

`use_container_width` will be removed after 2025-12-31.

For `use_container_width=True`, use `width='stretch'`. For `use_container_width=False`, use `width='content'`.
2026-09-12 00:39:10.986 `label` got an empty value. This is discouraged for accessibility reasons and may be disallowed in the future by raising an exception. Please provide a non-empty label and hide it with label_visibility if needed.
Stack (most recent call last):
  File "C:\Users\NEC JAPAN\AppData\Local\Python\pythoncore-3.14-64\Lib\threading.py", line 1044, in _bootstrap
    self._bootstrap_inner()
  File "C:\Users\NEC JAPAN\AppData\Local\Python\pythoncore-3.14-64\Lib\threading.py", line 1082, in _bootstrap_inner
    self._context.run(self.run)
  File "C:\Users\NEC JAPAN\AppData\Local\Python\pythoncore-3.14-64\Lib\threading.py", line 1024, in run
    self._target(*self._args, **self._kwargs)
  File "C:\Users\NEC JAPAN\AppData\Local\Python\pythoncore-3.14-64\Lib\site-packages\streamlit\runtime\scriptrunner\script_runner.py", line 399, in _run_script_thread
    self._run_script(request.rerun_data)
  File "C:\Users\NEC JAPAN\AppData\Local\Python\pythoncore-3.14-64\Lib\site-packages\streamlit\runtime\scriptrunner\script_runner.py", line 852, in _run_script
    ) = exec_func_with_error_handling(code_to_exec, ctx)
  File "C:\Users\NEC JAPAN\AppData\Local\Python\pythoncore-3.14-64\Lib\site-packages\streamlit\runtime\scriptrunner\exec_code.py", line 136, in exec_func_with_error_handling
    result = func()
  File "C:\Users\NEC JAPAN\AppData\Local\Python\pythoncore-3.14-64\Lib\site-packages\streamlit\runtime\scriptrunner\script_runner.py", line 827, in code_to_exec
    exec(code, module.__dict__)  # noqa: S102
  File "C:\Users\NEC JAPAN\Desktop\main\asaan-qanoon-ai\streamlit_app.py", line 56, in <module>
    page=st.radio("",["Dashboard","AI Assistant","Action Plans","Documents","Knowledge Sources","System Health"],label_visibility="collapsed")
  File "C:\Users\NEC JAPAN\AppData\Local\Python\pythoncore-3.14-64\Lib\site-packages\streamlit\runtime\metrics_util.py", line 725, in wrapped_func
    result = non_optional_func(*args, **kwargs)
  File "C:\Users\NEC JAPAN\AppData\Local\Python\pythoncore-3.14-64\Lib\site-packages\streamlit\elements\widgets\radio.py", line 421, in radio
    return self._radio(
  File "C:\Users\NEC JAPAN\AppData\Local\Python\pythoncore-3.14-64\Lib\site-packages\streamlit\elements\widgets\radio.py", line 470, in _radio
    label = maybe_raise_label_warnings(label, label_visibility)
  File "C:\Users\NEC JAPAN\AppData\Local\Python\pythoncore-3.14-64\Lib\site-packages\streamlit\elements\lib\policies.py", line 169, in maybe_raise_label_warnings
    _LOGGER.warning(
2026-09-12 00:39:12.546 Please replace `use_container_width` with `width`.

`use_container_width` will be removed after 2025-12-31.

For `use_container_width=True`, use `width='stretch'`. For `use_container_width=False`, use `width='content'`.
2026-09-12 00:39:12.552 `label` got an empty value. This is discouraged for accessibility reasons and may be disallowed in the future by raising an exception. Please provide a non-empty label and hide it with label_visibility if needed.
Stack (most recent call last):
  File "C:\Users\NEC JAPAN\AppData\Local\Python\pythoncore-3.14-64\Lib\threading.py", line 1044, in _bootstrap
    self._bootstrap_inner()
  File "C:\Users\NEC JAPAN\AppData\Local\Python\pythoncore-3.14-64\Lib\threading.py", line 1082, in _bootstrap_inner
    self._context.run(self.run)
  File "C:\Users\NEC JAPAN\AppData\Local\Python\pythoncore-3.14-64\Lib\threading.py", line 1024, in run
    self._target(*self._args, **self._kwargs)
  File "C:\Users\NEC JAPAN\AppData\Local\Python\pythoncore-3.14-64\Lib\site-packages\streamlit\runtime\scriptrunner\script_runner.py", line 399, in _run_script_thread
    self._run_script(request.rerun_data)
  File "C:\Users\NEC JAPAN\AppData\Local\Python\pythoncore-3.14-64\Lib\site-packages\streamlit\runtime\scriptrunner\script_runner.py", line 852, in _run_script
    ) = exec_func_with_error_handling(code_to_exec, ctx)
  File "C:\Users\NEC JAPAN\AppData\Local\Python\pythoncore-3.14-64\Lib\site-packages\streamlit\runtime\scriptrunner\exec_code.py", line 136, in exec_func_with_error_handling
    result = func()
  File "C:\Users\NEC JAPAN\AppData\Local\Python\pythoncore-3.14-64\Lib\site-packages\streamlit\runtime\scriptrunner\script_runner.py", line 827, in code_to_exec
    exec(code, module.__dict__)  # noqa: S102
  File "C:\Users\NEC JAPAN\Desktop\main\asaan-qanoon-ai\streamlit_app.py", line 56, in <module>
    page=st.radio("",["Dashboard","AI Assistant","Action Plans","Documents","Knowledge Sources","System Health"],label_visibility="collapsed")
  File "C:\Users\NEC JAPAN\AppData\Local\Python\pythoncore-3.14-64\Lib\site-packages\streamlit\runtime\metrics_util.py", line 725, in wrapped_func
    result = non_optional_func(*args, **kwargs)
  File "C:\Users\NEC JAPAN\AppData\Local\Python\pythoncore-3.14-64\Lib\site-packages\streamlit\elements\widgets\radio.py", line 421, in radio
    return self._radio(
  File "C:\Users\NEC JAPAN\AppData\Local\Python\pythoncore-3.14-64\Lib\site-packages\streamlit\elements\widgets\radio.py", line 470, in _radio
    label = maybe_raise_label_warnings(label, label_visibility)
  File "C:\Users\NEC JAPAN\AppData\Local\Python\pythoncore-3.14-64\Lib\site-packages\streamlit\elements\lib\policies.py", line 169, in maybe_raise_label_warnings
    _LOGGER.warning(
2026-09-12 00:39:14.298 Please replace `use_container_width` with `width`.

`use_container_width` will be removed after 2025-12-31.

For `use_container_width=True`, use `width='stretch'`. For `use_container_width=False`, use `width='content'`.
2026-09-12 00:39:14.305 `label` got an empty value. This is discouraged for accessibility reasons and may be disallowed in the future by raising an exception. Please provide a non-empty label and hide it with label_visibility if needed.
Stack (most recent call last):
  File "C:\Users\NEC JAPAN\AppData\Local\Python\pythoncore-3.14-64\Lib\threading.py", line 1044, in _bootstrap
    self._bootstrap_inner()
  File "C:\Users\NEC JAPAN\AppData\Local\Python\pythoncore-3.14-64\Lib\threading.py", line 1082, in _bootstrap_inner
    self._context.run(self.run)
  File "C:\Users\NEC JAPAN\AppData\Local\Python\pythoncore-3.14-64\Lib\threading.py", line 1024, in run
    self._target(*self._args, **self._kwargs)
  File "C:\Users\NEC JAPAN\AppData\Local\Python\pythoncore-3.14-64\Lib\site-packages\streamlit\runtime\scriptrunner\script_runner.py", line 399, in _run_script_thread
    self._run_script(request.rerun_data)
  File "C:\Users\NEC JAPAN\AppData\Local\Python\pythoncore-3.14-64\Lib\site-packages\streamlit\runtime\scriptrunner\script_runner.py", line 852, in _run_script
    ) = exec_func_with_error_handling(code_to_exec, ctx)
  File "C:\Users\NEC JAPAN\AppData\Local\Python\pythoncore-3.14-64\Lib\site-packages\streamlit\runtime\scriptrunner\exec_code.py", line 136, in exec_func_with_error_handling
    result = func()
  File "C:\Users\NEC JAPAN\AppData\Local\Python\pythoncore-3.14-64\Lib\site-packages\streamlit\runtime\scriptrunner\script_runner.py", line 827, in code_to_exec
    exec(code, module.__dict__)  # noqa: S102
  File "C:\Users\NEC JAPAN\Desktop\main\asaan-qanoon-ai\streamlit_app.py", line 56, in <module>
    page=st.radio("",["Dashboard","AI Assistant","Action Plans","Documents","Knowledge Sources","System Health"],label_visibility="collapsed")
  File "C:\Users\NEC JAPAN\AppData\Local\Python\pythoncore-3.14-64\Lib\site-packages\streamlit\runtime\metrics_util.py", line 725, in wrapped_func
    result = non_optional_func(*args, **kwargs)
  File "C:\Users\NEC JAPAN\AppData\Local\Python\pythoncore-3.14-64\Lib\site-packages\streamlit\elements\widgets\radio.py", line 421, in radio
    return self._radio(
  File "C:\Users\NEC JAPAN\AppData\Local\Python\pythoncore-3.14-64\Lib\site-packages\streamlit\elements\widgets\radio.py", line 470, in _radio
    label = maybe_raise_label_warnings(label, label_visibility)
  File "C:\Users\NEC JAPAN\AppData\Local\Python\pythoncore-3.14-64\Lib\site-packages\streamlit\elements\lib\policies.py", line 169, in maybe_raise_label_warnings
    _LOGGER.warning(
2026-09-12 00:39:15.177 Please replace `use_container_width` with `width`.

`use_container_width` will be removed after 2025-12-31.

For `use_container_width=True`, use `width='stretch'`. For `use_container_width=False`, use `width='content'`.
2026-09-12 00:39:15.183 `label` got an empty value. This is discouraged for accessibility reasons and may be disallowed in the future by raising an exception. Please provide a non-empty label and hide it with label_visibility if needed.
Stack (most recent call last):
  File "C:\Users\NEC JAPAN\AppData\Local\Python\pythoncore-3.14-64\Lib\threading.py", line 1044, in _bootstrap
    self._bootstrap_inner()
  File "C:\Users\NEC JAPAN\AppData\Local\Python\pythoncore-3.14-64\Lib\threading.py", line 1082, in _bootstrap_inner
    self._context.run(self.run)
  File "C:\Users\NEC JAPAN\AppData\Local\Python\pythoncore-3.14-64\Lib\threading.py", line 1024, in run
    self._target(*self._args, **self._kwargs)
  File "C:\Users\NEC JAPAN\AppData\Local\Python\pythoncore-3.14-64\Lib\site-packages\streamlit\runtime\scriptrunner\script_runner.py", line 399, in _run_script_thread
    self._run_script(request.rerun_data)
  File "C:\Users\NEC JAPAN\AppData\Local\Python\pythoncore-3.14-64\Lib\site-packages\streamlit\runtime\scriptrunner\script_runner.py", line 852, in _run_script
    ) = exec_func_with_error_handling(code_to_exec, ctx)
  File "C:\Users\NEC JAPAN\AppData\Local\Python\pythoncore-3.14-64\Lib\site-packages\streamlit\runtime\scriptrunner\exec_code.py", line 136, in exec_func_with_error_handling
    result = func()
  File "C:\Users\NEC JAPAN\AppData\Local\Python\pythoncore-3.14-64\Lib\site-packages\streamlit\runtime\scriptrunner\script_runner.py", line 827, in code_to_exec
    exec(code, module.__dict__)  # noqa: S102
  File "C:\Users\NEC JAPAN\Desktop\main\asaan-qanoon-ai\streamlit_app.py", line 56, in <module>
    page=st.radio("",["Dashboard","AI Assistant","Action Plans","Documents","Knowledge Sources","System Health"],label_visibility="collapsed")
  File "C:\Users\NEC JAPAN\AppData\Local\Python\pythoncore-3.14-64\Lib\site-packages\streamlit\runtime\metrics_util.py", line 725, in wrapped_func
    result = non_optional_func(*args, **kwargs)
  File "C:\Users\NEC JAPAN\AppData\Local\Python\pythoncore-3.14-64\Lib\site-packages\streamlit\elements\widgets\radio.py", line 421, in radio
    return self._radio(
  File "C:\Users\NEC JAPAN\AppData\Local\Python\pythoncore-3.14-64\Lib\site-packages\streamlit\elements\widgets\radio.py", line 470, in _radio
    label = maybe_raise_label_warnings(label, label_visibility)
  File "C:\Users\NEC JAPAN\AppData\Local\Python\pythoncore-3.14-64\Lib\site-packages\streamlit\elements\lib\policies.py", line 169, in maybe_raise_label_warnings
    _LOGGER.warning(
2026-09-12 00:39:15.194 Uncaught app execution
Traceback (most recent call last):
  File "C:\Users\NEC JAPAN\AppData\Local\Python\pythoncore-3.14-64\Lib\site-packages\streamlit\runtime\scriptrunner\exec_code.py", line 136, in exec_func_with_error_handling
    result = func()
  File "C:\Users\NEC JAPAN\AppData\Local\Python\pythoncore-3.14-64\Lib\site-packages\streamlit\runtime\scriptrunner\script_runner.py", line 827, in code_to_exec
    exec(code, module.__dict__)  # noqa: S102
    ~~~~^^^^^^^^^^^^^^^^^^^^^^^
  File "C:\Users\NEC JAPAN\Desktop\main\asaan-qanoon-ai\streamlit_app.py", line 178, in <module>
    s=status[provider]; configured=bool(st.secrets.get(key,""))
                                        ~~~~~~~~~~~~~~^^^^^^^^
  File "<frozen _collections_abc>", line 795, in get
  File "C:\Users\NEC JAPAN\AppData\Local\Python\pythoncore-3.14-64\Lib\site-packages\streamlit\runtime\secrets.py", line 497, in __getitem__
    value = self._parse()[key]
            ~~~~~~~~~~~^^
  File "C:\Users\NEC JAPAN\AppData\Local\Python\pythoncore-3.14-64\Lib\site-packages\streamlit\runtime\secrets.py", line 324, in _parse
    raise StreamlitSecretNotFoundError(
    ...<3 lines>...
    )
streamlit.errors.StreamlitSecretNotFoundError: No secrets found. Valid paths for a secrets.toml file or secret directories are: C:\Users\NEC JAPAN\.streamlit\secrets.toml, C:\Users\NEC JAPAN\Desktop\main\asaan-qanoon-ai\.streamlit\secrets.toml
2026-09-12 00:39:19.757 Please replace `use_container_width` with `width`.

`use_container_width` will be removed after 2025-12-31.

For `use_container_width=True`, use `width='stretch'`. For `use_container_width=False`, use `width='content'`.
2026-09-12 00:39:19.762 `label` got an empty value. This is discouraged for accessibility reasons and may be disallowed in the future by raising an exception. Please provide a non-empty label and hide it with label_visibility if needed.
Stack (most recent call last):
  File "C:\Users\NEC JAPAN\AppData\Local\Python\pythoncore-3.14-64\Lib\threading.py", line 1044, in _bootstrap
    self._bootstrap_inner()
  File "C:\Users\NEC JAPAN\AppData\Local\Python\pythoncore-3.14-64\Lib\threading.py", line 1082, in _bootstrap_inner
    self._context.run(self.run)
  File "C:\Users\NEC JAPAN\AppData\Local\Python\pythoncore-3.14-64\Lib\threading.py", line 1024, in run
    self._target(*self._args, **self._kwargs)
  File "C:\Users\NEC JAPAN\AppData\Local\Python\pythoncore-3.14-64\Lib\site-packages\streamlit\runtime\scriptrunner\script_runner.py", line 399, in _run_script_thread
    self._run_script(request.rerun_data)
  File "C:\Users\NEC JAPAN\AppData\Local\Python\pythoncore-3.14-64\Lib\site-packages\streamlit\runtime\scriptrunner\script_runner.py", line 852, in _run_script
    ) = exec_func_with_error_handling(code_to_exec, ctx)
  File "C:\Users\NEC JAPAN\AppData\Local\Python\pythoncore-3.14-64\Lib\site-packages\streamlit\runtime\scriptrunner\exec_code.py", line 136, in exec_func_with_error_handling
    result = func()
  File "C:\Users\NEC JAPAN\AppData\Local\Python\pythoncore-3.14-64\Lib\site-packages\streamlit\runtime\scriptrunner\script_runner.py", line 827, in code_to_exec
    exec(code, module.__dict__)  # noqa: S102
  File "C:\Users\NEC JAPAN\Desktop\main\asaan-qanoon-ai\streamlit_app.py", line 56, in <module>
    page=st.radio("",["Dashboard","AI Assistant","Action Plans","Documents","Knowledge Sources","System Health"],label_visibility="collapsed")
  File "C:\Users\NEC JAPAN\AppData\Local\Python\pythoncore-3.14-64\Lib\site-packages\streamlit\runtime\metrics_util.py", line 725, in wrapped_func
    result = non_optional_func(*args, **kwargs)
  File "C:\Users\NEC JAPAN\AppData\Local\Python\pythoncore-3.14-64\Lib\site-packages\streamlit\elements\widgets\radio.py", line 421, in radio
    return self._radio(
  File "C:\Users\NEC JAPAN\AppData\Local\Python\pythoncore-3.14-64\Lib\site-packages\streamlit\elements\widgets\radio.py", line 470, in _radio
    label = maybe_raise_label_warnings(label, label_visibility)
  File "C:\Users\NEC JAPAN\AppData\Local\Python\pythoncore-3.14-64\Lib\site-packages\streamlit\elements\lib\policies.py", line 169, in maybe_raise_label_warnings
    _LOGGER.warning(
2026-09-12 00:39:21.687 Please replace `use_container_width` with `width`.

`use_container_width` will be removed after 2025-12-31.

For `use_container_width=True`, use `width='stretch'`. For `use_container_width=False`, use `width='content'`.
2026-09-12 00:39:21.695 `label` got an empty value. This is discouraged for accessibility reasons and may be disallowed in the future by raising an exception. Please provide a non-empty label and hide it with label_visibility if needed.
Stack (most recent call last):
  File "C:\Users\NEC JAPAN\AppData\Local\Python\pythoncore-3.14-64\Lib\threading.py", line 1044, in _bootstrap
    self._bootstrap_inner()
  File "C:\Users\NEC JAPAN\AppData\Local\Python\pythoncore-3.14-64\Lib\threading.py", line 1082, in _bootstrap_inner
    self._context.run(self.run)
  File "C:\Users\NEC JAPAN\AppData\Local\Python\pythoncore-3.14-64\Lib\threading.py", line 1024, in run
    self._target(*self._args, **self._kwargs)
  File "C:\Users\NEC JAPAN\AppData\Local\Python\pythoncore-3.14-64\Lib\site-packages\streamlit\runtime\scriptrunner\script_runner.py", line 399, in _run_script_thread
    self._run_script(request.rerun_data)
  File "C:\Users\NEC JAPAN\AppData\Local\Python\pythoncore-3.14-64\Lib\site-packages\streamlit\runtime\scriptrunner\script_runner.py", line 852, in _run_script
    ) = exec_func_with_error_handling(code_to_exec, ctx)
  File "C:\Users\NEC JAPAN\AppData\Local\Python\pythoncore-3.14-64\Lib\site-packages\streamlit\runtime\scriptrunner\exec_code.py", line 136, in exec_func_with_error_handling
    result = func()
  File "C:\Users\NEC JAPAN\AppData\Local\Python\pythoncore-3.14-64\Lib\site-packages\streamlit\runtime\scriptrunner\script_runner.py", line 827, in code_to_exec
    exec(code, module.__dict__)  # noqa: S102
  File "C:\Users\NEC JAPAN\Desktop\main\asaan-qanoon-ai\streamlit_app.py", line 56, in <module>
    page=st.radio("",["Dashboard","AI Assistant","Action Plans","Documents","Knowledge Sources","System Health"],label_visibility="collapsed")
  File "C:\Users\NEC JAPAN\AppData\Local\Python\pythoncore-3.14-64\Lib\site-packages\streamlit\runtime\metrics_util.py", line 725, in wrapped_func
    result = non_optional_func(*args, **kwargs)
  File "C:\Users\NEC JAPAN\AppData\Local\Python\pythoncore-3.14-64\Lib\site-packages\streamlit\elements\widgets\radio.py", line 421, in radio
    return self._radio(
  File "C:\Users\NEC JAPAN\AppData\Local\Python\pythoncore-3.14-64\Lib\site-packages\streamlit\elements\widgets\radio.py", line 470, in _radio
    label = maybe_raise_label_warnings(label, label_visibility)
  File "C:\Users\NEC JAPAN\AppData\Local\Python\pythoncore-3.14-64\Lib\site-packages\streamlit\elements\lib\policies.py", line 169, in maybe_raise_label_warnings
    _LOGGER.warning(
2026-09-12 00:39:26.325 Please replace `use_container_width` with `width`.

`use_container_width` will be removed after 2025-12-31.

For `use_container_width=True`, use `width='stretch'`. For `use_container_width=False`, use `width='content'`.
2026-09-12 00:39:26.330 `label` got an empty value. This is discouraged for accessibility reasons and may be disallowed in the future by raising an exception. Please provide a non-empty label and hide it with label_visibility if needed.
Stack (most recent call last):
  File "C:\Users\NEC JAPAN\AppData\Local\Python\pythoncore-3.14-64\Lib\threading.py", line 1044, in _bootstrap
    self._bootstrap_inner()
  File "C:\Users\NEC JAPAN\AppData\Local\Python\pythoncore-3.14-64\Lib\threading.py", line 1082, in _bootstrap_inner
    self._context.run(self.run)
  File "C:\Users\NEC JAPAN\AppData\Local\Python\pythoncore-3.14-64\Lib\threading.py", line 1024, in run
    self._target(*self._args, **self._kwargs)
  File "C:\Users\NEC JAPAN\AppData\Local\Python\pythoncore-3.14-64\Lib\site-packages\streamlit\runtime\scriptrunner\script_runner.py", line 399, in _run_script_thread
    self._run_script(request.rerun_data)
  File "C:\Users\NEC JAPAN\AppData\Local\Python\pythoncore-3.14-64\Lib\site-packages\streamlit\runtime\scriptrunner\script_runner.py", line 852, in _run_script
    ) = exec_func_with_error_handling(code_to_exec, ctx)
  File "C:\Users\NEC JAPAN\AppData\Local\Python\pythoncore-3.14-64\Lib\site-packages\streamlit\runtime\scriptrunner\exec_code.py", line 136, in exec_func_with_error_handling
    result = func()
  File "C:\Users\NEC JAPAN\AppData\Local\Python\pythoncore-3.14-64\Lib\site-packages\streamlit\runtime\scriptrunner\script_runner.py", line 827, in code_to_exec
    exec(code, module.__dict__)  # noqa: S102
  File "C:\Users\NEC JAPAN\Desktop\main\asaan-qanoon-ai\streamlit_app.py", line 56, in <module>
    page=st.radio("",["Dashboard","AI Assistant","Action Plans","Documents","Knowledge Sources","System Health"],label_visibility="collapsed")
  File "C:\Users\NEC JAPAN\AppData\Local\Python\pythoncore-3.14-64\Lib\site-packages\streamlit\runtime\metrics_util.py", line 725, in wrapped_func
    result = non_optional_func(*args, **kwargs)
  File "C:\Users\NEC JAPAN\AppData\Local\Python\pythoncore-3.14-64\Lib\site-packages\streamlit\elements\widgets\radio.py", line 421, in radio
    return self._radio(
  File "C:\Users\NEC JAPAN\AppData\Local\Python\pythoncore-3.14-64\Lib\site-packages\streamlit\elements\widgets\radio.py", line 470, in _radio
    label = maybe_raise_label_warnings(label, label_visibility)
  File "C:\Users\NEC JAPAN\AppData\Local\Python\pythoncore-3.14-64\Lib\site-packages\streamlit\elements\lib\policies.py", line 169, in maybe_raise_label_warnings
    _LOGGER.warning(
2026-09-12 00:39:27.682 Please replace `use_container_width` with `width`.

`use_container_width` will be removed after 2025-12-31.

For `use_container_width=True`, use `width='stretch'`. For `use_container_width=False`, use `width='content'`.
2026-09-12 00:39:27.688 `label` got an empty value. This is discouraged for accessibility reasons and may be disallowed in the future by raising an exception. Please provide a non-empty label and hide it with label_visibility if needed.
Stack (most recent call last):
  File "C:\Users\NEC JAPAN\AppData\Local\Python\pythoncore-3.14-64\Lib\threading.py", line 1044, in _bootstrap
    self._bootstrap_inner()
  File "C:\Users\NEC JAPAN\AppData\Local\Python\pythoncore-3.14-64\Lib\threading.py", line 1082, in _bootstrap_inner
    self._context.run(self.run)
  File "C:\Users\NEC JAPAN\AppData\Local\Python\pythoncore-3.14-64\Lib\threading.py", line 1024, in run
    self._target(*self._args, **self._kwargs)
  File "C:\Users\NEC JAPAN\AppData\Local\Python\pythoncore-3.14-64\Lib\site-packages\streamlit\runtime\scriptrunner\script_runner.py", line 399, in _run_script_thread
    self._run_script(request.rerun_data)
  File "C:\Users\NEC JAPAN\AppData\Local\Python\pythoncore-3.14-64\Lib\site-packages\streamlit\runtime\scriptrunner\script_runner.py", line 852, in _run_script
    ) = exec_func_with_error_handling(code_to_exec, ctx)
  File "C:\Users\NEC JAPAN\AppData\Local\Python\pythoncore-3.14-64\Lib\site-packages\streamlit\runtime\scriptrunner\exec_code.py", line 136, in exec_func_with_error_handling
    result = func()
  File "C:\Users\NEC JAPAN\AppData\Local\Python\pythoncore-3.14-64\Lib\site-packages\streamlit\runtime\scriptrunner\script_runner.py", line 827, in code_to_exec
    exec(code, module.__dict__)  # noqa: S102
  File "C:\Users\NEC JAPAN\Desktop\main\asaan-qanoon-ai\streamlit_app.py", line 56, in <module>
    page=st.radio("",["Dashboard","AI Assistant","Action Plans","Documents","Knowledge Sources","System Health"],label_visibility="collapsed")
  File "C:\Users\NEC JAPAN\AppData\Local\Python\pythoncore-3.14-64\Lib\site-packages\streamlit\runtime\metrics_util.py", line 725, in wrapped_func
    result = non_optional_func(*args, **kwargs)
  File "C:\Users\NEC JAPAN\AppData\Local\Python\pythoncore-3.14-64\Lib\site-packages\streamlit\elements\widgets\radio.py", line 421, in radio
    return self._radio(
  File "C:\Users\NEC JAPAN\AppData\Local\Python\pythoncore-3.14-64\Lib\site-packages\streamlit\elements\widgets\radio.py", line 470, in _radio
    label = maybe_raise_label_warnings(label, label_visibility)
  File "C:\Users\NEC JAPAN\AppData\Local\Python\pythoncore-3.14-64\Lib\site-packages\streamlit\elements\lib\policies.py", line 169, in maybe_raise_label_warnings
    _LOGGER.warning(
2026-09-12 00:39:36.646 Please replace `use_container_width` with `width`.

`use_container_width` will be removed after 2025-12-31.

For `use_container_width=True`, use `width='stretch'`. For `use_container_width=False`, use `width='content'`.
2026-09-12 00:39:36.651 `label` got an empty value. This is discouraged for accessibility reasons and may be disallowed in the future by raising an exception. Please provide a non-empty label and hide it with label_visibility if needed.
Stack (most recent call last):
  File "C:\Users\NEC JAPAN\AppData\Local\Python\pythoncore-3.14-64\Lib\threading.py", line 1044, in _bootstrap
    self._bootstrap_inner()
  File "C:\Users\NEC JAPAN\AppData\Local\Python\pythoncore-3.14-64\Lib\threading.py", line 1082, in _bootstrap_inner
    self._context.run(self.run)
  File "C:\Users\NEC JAPAN\AppData\Local\Python\pythoncore-3.14-64\Lib\threading.py", line 1024, in run
    self._target(*self._args, **self._kwargs)
  File "C:\Users\NEC JAPAN\AppData\Local\Python\pythoncore-3.14-64\Lib\site-packages\streamlit\runtime\scriptrunner\script_runner.py", line 399, in _run_script_thread
    self._run_script(request.rerun_data)
  File "C:\Users\NEC JAPAN\AppData\Local\Python\pythoncore-3.14-64\Lib\site-packages\streamlit\runtime\scriptrunner\script_runner.py", line 852, in _run_script
    ) = exec_func_with_error_handling(code_to_exec, ctx)
  File "C:\Users\NEC JAPAN\AppData\Local\Python\pythoncore-3.14-64\Lib\site-packages\streamlit\runtime\scriptrunner\exec_code.py", line 136, in exec_func_with_error_handling
    result = func()
  File "C:\Users\NEC JAPAN\AppData\Local\Python\pythoncore-3.14-64\Lib\site-packages\streamlit\runtime\scriptrunner\script_runner.py", line 827, in code_to_exec
    exec(code, module.__dict__)  # noqa: S102
  File "C:\Users\NEC JAPAN\Desktop\main\asaan-qanoon-ai\streamlit_app.py", line 56, in <module>
    page=st.radio("",["Dashboard","AI Assistant","Action Plans","Documents","Knowledge Sources","System Health"],label_visibility="collapsed")
  File "C:\Users\NEC JAPAN\AppData\Local\Python\pythoncore-3.14-64\Lib\site-packages\streamlit\runtime\metrics_util.py", line 725, in wrapped_func
    result = non_optional_func(*args, **kwargs)
  File "C:\Users\NEC JAPAN\AppData\Local\Python\pythoncore-3.14-64\Lib\site-packages\streamlit\elements\widgets\radio.py", line 421, in radio
    return self._radio(
  File "C:\Users\NEC JAPAN\AppData\Local\Python\pythoncore-3.14-64\Lib\site-packages\streamlit\elements\widgets\radio.py", line 470, in _radio
    label = maybe_raise_label_warnings(label, label_visibility)
  File "C:\Users\NEC JAPAN\AppData\Local\Python\pythoncore-3.14-64\Lib\site-packages\streamlit\elements\lib\policies.py", line 169, in maybe_raise_label_warnings
    _LOGGER.warning(
2026-09-12 00:55:20.228 Please replace `use_container_width` with `width`.

`use_container_width` will be removed after 2025-12-31.

For `use_container_width=True`, use `width='stretch'`. For `use_container_width=False`, use `width='content'`.
2026-09-12 00:55:20.233 `label` got an empty value. This is discouraged for accessibility reasons and may be disallowed in the future by raising an exception. Please provide a non-empty label and hide it with label_visibility if needed.
Stack (most recent call last):
  File "C:\Users\NEC JAPAN\AppData\Local\Python\pythoncore-3.14-64\Lib\threading.py", line 1044, in _bootstrap
    self._bootstrap_inner()
  File "C:\Users\NEC JAPAN\AppData\Local\Python\pythoncore-3.14-64\Lib\threading.py", line 1082, in _bootstrap_inner
    self._context.run(self.run)
  File "C:\Users\NEC JAPAN\AppData\Local\Python\pythoncore-3.14-64\Lib\threading.py", line 1024, in run
    self._target(*self._args, **self._kwargs)
  File "C:\Users\NEC JAPAN\AppData\Local\Python\pythoncore-3.14-64\Lib\site-packages\streamlit\runtime\scriptrunner\script_runner.py", line 399, in _run_script_thread
    self._run_script(request.rerun_data)
  File "C:\Users\NEC JAPAN\AppData\Local\Python\pythoncore-3.14-64\Lib\site-packages\streamlit\runtime\scriptrunner\script_runner.py", line 852, in _run_script
    ) = exec_func_with_error_handling(code_to_exec, ctx)
  File "C:\Users\NEC JAPAN\AppData\Local\Python\pythoncore-3.14-64\Lib\site-packages\streamlit\runtime\scriptrunner\exec_code.py", line 136, in exec_func_with_error_handling
    result = func()
  File "C:\Users\NEC JAPAN\AppData\Local\Python\pythoncore-3.14-64\Lib\site-packages\streamlit\runtime\scriptrunner\script_runner.py", line 827, in code_to_exec
    exec(code, module.__dict__)  # noqa: S102
  File "C:\Users\NEC JAPAN\Desktop\main\asaan-qanoon-ai\streamlit_app.py", line 56, in <module>
    page=st.radio("",["Dashboard","AI Assistant","Action Plans","Documents","Knowledge Sources","System Health"],label_visibility="collapsed")
  File "C:\Users\NEC JAPAN\AppData\Local\Python\pythoncore-3.14-64\Lib\site-packages\streamlit\runtime\metrics_util.py", line 725, in wrapped_func
    result = non_optional_func(*args, **kwargs)
  File "C:\Users\NEC JAPAN\AppData\Local\Python\pythoncore-3.14-64\Lib\site-packages\streamlit\elements\widgets\radio.py", line 421, in radio
    return self._radio(
  File "C:\Users\NEC JAPAN\AppData\Local\Python\pythoncore-3.14-64\Lib\site-packages\streamlit\elements\widgets\radio.py", line 470, in _radio
    label = maybe_raise_label_warnings(label, label_visibility)
  File "C:\Users\NEC JAPAN\AppData\Local\Python\pythoncore-3.14-64\Lib\site-packages\streamlit\elements\lib\policies.py", line 169, in maybe_raise_label_warnings
    _LOGGER.warning(
2026-09-12 00:55:24.822 Please replace `use_container_width` with `width`.

`use_container_width` will be removed after 2025-12-31.

For `use_container_width=True`, use `width='stretch'`. For `use_container_width=False`, use `width='content'`.
2026-09-12 00:55:24.828 `label` got an empty value. This is discouraged for accessibility reasons and may be disallowed in the future by raising an exception. Please provide a non-empty label and hide it with label_visibility if needed.
Stack (most recent call last):
  File "C:\Users\NEC JAPAN\AppData\Local\Python\pythoncore-3.14-64\Lib\threading.py", line 1044, in _bootstrap
    self._bootstrap_inner()
  File "C:\Users\NEC JAPAN\AppData\Local\Python\pythoncore-3.14-64\Lib\threading.py", line 1082, in _bootstrap_inner
    self._context.run(self.run)
  File "C:\Users\NEC JAPAN\AppData\Local\Python\pythoncore-3.14-64\Lib\threading.py", line 1024, in run
    self._target(*self._args, **self._kwargs)
  File "C:\Users\NEC JAPAN\AppData\Local\Python\pythoncore-3.14-64\Lib\site-packages\streamlit\runtime\scriptrunner\script_runner.py", line 399, in _run_script_thread
    self._run_script(request.rerun_data)
  File "C:\Users\NEC JAPAN\AppData\Local\Python\pythoncore-3.14-64\Lib\site-packages\streamlit\runtime\scriptrunner\script_runner.py", line 852, in _run_script
    ) = exec_func_with_error_handling(code_to_exec, ctx)
  File "C:\Users\NEC JAPAN\AppData\Local\Python\pythoncore-3.14-64\Lib\site-packages\streamlit\runtime\scriptrunner\exec_code.py", line 136, in exec_func_with_error_handling
    result = func()
  File "C:\Users\NEC JAPAN\AppData\Local\Python\pythoncore-3.14-64\Lib\site-packages\streamlit\runtime\scriptrunner\script_runner.py", line 827, in code_to_exec
    exec(code, module.__dict__)  # noqa: S102
  File "C:\Users\NEC JAPAN\Desktop\main\asaan-qanoon-ai\streamlit_app.py", line 56, in <module>
    page=st.radio("",["Dashboard","AI Assistant","Action Plans","Documents","Knowledge Sources","System Health"],label_visibility="collapsed")
  File "C:\Users\NEC JAPAN\AppData\Local\Python\pythoncore-3.14-64\Lib\site-packages\streamlit\runtime\metrics_util.py", line 725, in wrapped_func
    result = non_optional_func(*args, **kwargs)
  File "C:\Users\NEC JAPAN\AppData\Local\Python\pythoncore-3.14-64\Lib\site-packages\streamlit\elements\widgets\radio.py", line 421, in radio
    return self._radio(
  File "C:\Users\NEC JAPAN\AppData\Local\Python\pythoncore-3.14-64\Lib\site-packages\streamlit\elements\widgets\radio.py", line 470, in _radio
    label = maybe_raise_label_warnings(label, label_visibility)
  File "C:\Users\NEC JAPAN\AppData\Local\Python\pythoncore-3.14-64\Lib\site-packages\streamlit\elements\lib\policies.py", line 169, in maybe_raise_label_warnings
    _LOGGER.warning(
2026-09-12 00:55:29.366 Please replace `use_container_width` with `width`.

`use_container_width` will be removed after 2025-12-31.

For `use_container_width=True`, use `width='stretch'`. For `use_container_width=False`, use `width='content'`.
2026-09-12 00:55:29.372 `label` got an empty value. This is discouraged for accessibility reasons and may be disallowed in the future by raising an exception. Please provide a non-empty label and hide it with label_visibility if needed.
Stack (most recent call last):
  File "C:\Users\NEC JAPAN\AppData\Local\Python\pythoncore-3.14-64\Lib\threading.py", line 1044, in _bootstrap
    self._bootstrap_inner()
  File "C:\Users\NEC JAPAN\AppData\Local\Python\pythoncore-3.14-64\Lib\threading.py", line 1082, in _bootstrap_inner
    self._context.run(self.run)
  File "C:\Users\NEC JAPAN\AppData\Local\Python\pythoncore-3.14-64\Lib\threading.py", line 1024, in run
    self._target(*self._args, **self._kwargs)
  File "C:\Users\NEC JAPAN\AppData\Local\Python\pythoncore-3.14-64\Lib\site-packages\streamlit\runtime\scriptrunner\script_runner.py", line 399, in _run_script_thread
    self._run_script(request.rerun_data)
  File "C:\Users\NEC JAPAN\AppData\Local\Python\pythoncore-3.14-64\Lib\site-packages\streamlit\runtime\scriptrunner\script_runner.py", line 852, in _run_script
    ) = exec_func_with_error_handling(code_to_exec, ctx)
  File "C:\Users\NEC JAPAN\AppData\Local\Python\pythoncore-3.14-64\Lib\site-packages\streamlit\runtime\scriptrunner\exec_code.py", line 136, in exec_func_with_error_handling
    result = func()
  File "C:\Users\NEC JAPAN\AppData\Local\Python\pythoncore-3.14-64\Lib\site-packages\streamlit\runtime\scriptrunner\script_runner.py", line 827, in code_to_exec
    exec(code, module.__dict__)  # noqa: S102
  File "C:\Users\NEC JAPAN\Desktop\main\asaan-qanoon-ai\streamlit_app.py", line 56, in <module>
    page=st.radio("",["Dashboard","AI Assistant","Action Plans","Documents","Knowledge Sources","System Health"],label_visibility="collapsed")
  File "C:\Users\NEC JAPAN\AppData\Local\Python\pythoncore-3.14-64\Lib\site-packages\streamlit\runtime\metrics_util.py", line 725, in wrapped_func
    result = non_optional_func(*args, **kwargs)
  File "C:\Users\NEC JAPAN\AppData\Local\Python\pythoncore-3.14-64\Lib\site-packages\streamlit\elements\widgets\radio.py", line 421, in radio
    return self._radio(
  File "C:\Users\NEC JAPAN\AppData\Local\Python\pythoncore-3.14-64\Lib\site-packages\streamlit\elements\widgets\radio.py", line 470, in _radio
    label = maybe_raise_label_warnings(label, label_visibility)
  File "C:\Users\NEC JAPAN\AppData\Local\Python\pythoncore-3.14-64\Lib\site-packages\streamlit\elements\lib\policies.py", line 169, in maybe_raise_label_warnings
    _LOGGER.warning(
2026-09-12 00:55:38.368 Please replace `use_container_width` with `width`.

`use_container_width` will be removed after 2025-12-31.

For `use_container_width=True`, use `width='stretch'`. For `use_container_width=False`, use `width='content'`.
2026-09-12 00:55:38.377 `label` got an empty value. This is discouraged for accessibility reasons and may be disallowed in the future by raising an exception. Please provide a non-empty label and hide it with label_visibility if needed.
Stack (most recent call last):
  File "C:\Users\NEC JAPAN\AppData\Local\Python\pythoncore-3.14-64\Lib\threading.py", line 1044, in _bootstrap
    self._bootstrap_inner()
  File "C:\Users\NEC JAPAN\AppData\Local\Python\pythoncore-3.14-64\Lib\threading.py", line 1082, in _bootstrap_inner
    self._context.run(self.run)
  File "C:\Users\NEC JAPAN\AppData\Local\Python\pythoncore-3.14-64\Lib\threading.py", line 1024, in run
    self._target(*self._args, **self._kwargs)
  File "C:\Users\NEC JAPAN\AppData\Local\Python\pythoncore-3.14-64\Lib\site-packages\streamlit\runtime\scriptrunner\script_runner.py", line 399, in _run_script_thread
    self._run_script(request.rerun_data)
  File "C:\Users\NEC JAPAN\AppData\Local\Python\pythoncore-3.14-64\Lib\site-packages\streamlit\runtime\scriptrunner\script_runner.py", line 852, in _run_script
    ) = exec_func_with_error_handling(code_to_exec, ctx)
  File "C:\Users\NEC JAPAN\AppData\Local\Python\pythoncore-3.14-64\Lib\site-packages\streamlit\runtime\scriptrunner\exec_code.py", line 136, in exec_func_with_error_handling
    result = func()
  File "C:\Users\NEC JAPAN\AppData\Local\Python\pythoncore-3.14-64\Lib\site-packages\streamlit\runtime\scriptrunner\script_runner.py", line 827, in code_to_exec
    exec(code, module.__dict__)  # noqa: S102
  File "C:\Users\NEC JAPAN\Desktop\main\asaan-qanoon-ai\streamlit_app.py", line 56, in <module>
    page=st.radio("",["Dashboard","AI Assistant","Action Plans","Documents","Knowledge Sources","System Health"],label_visibility="collapsed")
  File "C:\Users\NEC JAPAN\AppData\Local\Python\pythoncore-3.14-64\Lib\site-packages\streamlit\runtime\metrics_util.py", line 725, in wrapped_func
    result = non_optional_func(*args, **kwargs)
  File "C:\Users\NEC JAPAN\AppData\Local\Python\pythoncore-3.14-64\Lib\site-packages\streamlit\elements\widgets\radio.py", line 421, in radio
    return self._radio(
  File "C:\Users\NEC JAPAN\AppData\Local\Python\pythoncore-3.14-64\Lib\site-packages\streamlit\elements\widgets\radio.py", line 470, in _radio
    label = maybe_raise_label_warnings(label, label_visibility)
  File "C:\Users\NEC JAPAN\AppData\Local\Python\pythoncore-3.14-64\Lib\site-packages\streamlit\elements\lib\policies.py", line 169, in maybe_raise_label_warnings
    _LOGGER.warning(
2026-09-12 00:55:40.436 Please replace `use_container_width` with `width`.

`use_container_width` will be removed after 2025-12-31.

For `use_container_width=True`, use `width='stretch'`. For `use_container_width=False`, use `width='content'`.
2026-09-12 00:55:40.443 `label` got an empty value. This is discouraged for accessibility reasons and may be disallowed in the future by raising an exception. Please provide a non-empty label and hide it with label_visibility if needed.
Stack (most recent call last):
  File "C:\Users\NEC JAPAN\AppData\Local\Python\pythoncore-3.14-64\Lib\threading.py", line 1044, in _bootstrap
    self._bootstrap_inner()
  File "C:\Users\NEC JAPAN\AppData\Local\Python\pythoncore-3.14-64\Lib\threading.py", line 1082, in _bootstrap_inner
    self._context.run(self.run)
  File "C:\Users\NEC JAPAN\AppData\Local\Python\pythoncore-3.14-64\Lib\threading.py", line 1024, in run
    self._target(*self._args, **self._kwargs)
  File "C:\Users\NEC JAPAN\AppData\Local\Python\pythoncore-3.14-64\Lib\site-packages\streamlit\runtime\scriptrunner\script_runner.py", line 399, in _run_script_thread
    self._run_script(request.rerun_data)
  File "C:\Users\NEC JAPAN\AppData\Local\Python\pythoncore-3.14-64\Lib\site-packages\streamlit\runtime\scriptrunner\script_runner.py", line 852, in _run_script
    ) = exec_func_with_error_handling(code_to_exec, ctx)
  File "C:\Users\NEC JAPAN\AppData\Local\Python\pythoncore-3.14-64\Lib\site-packages\streamlit\runtime\scriptrunner\exec_code.py", line 136, in exec_func_with_error_handling
    result = func()
  File "C:\Users\NEC JAPAN\AppData\Local\Python\pythoncore-3.14-64\Lib\site-packages\streamlit\runtime\scriptrunner\script_runner.py", line 827, in code_to_exec
    exec(code, module.__dict__)  # noqa: S102
  File "C:\Users\NEC JAPAN\Desktop\main\asaan-qanoon-ai\streamlit_app.py", line 56, in <module>
    page=st.radio("",["Dashboard","AI Assistant","Action Plans","Documents","Knowledge Sources","System Health"],label_visibility="collapsed")
  File "C:\Users\NEC JAPAN\AppData\Local\Python\pythoncore-3.14-64\Lib\site-packages\streamlit\runtime\metrics_util.py", line 725, in wrapped_func
    result = non_optional_func(*args, **kwargs)
  File "C:\Users\NEC JAPAN\AppData\Local\Python\pythoncore-3.14-64\Lib\site-packages\streamlit\elements\widgets\radio.py", line 421, in radio
    return self._radio(
  File "C:\Users\NEC JAPAN\AppData\Local\Python\pythoncore-3.14-64\Lib\site-packages\streamlit\elements\widgets\radio.py", line 470, in _radio
    label = maybe_raise_label_warnings(label, label_visibility)
  File "C:\Users\NEC JAPAN\AppData\Local\Python\pythoncore-3.14-64\Lib\site-packages\streamlit\elements\lib\policies.py", line 169, in maybe_raise_label_warnings
    _LOGGER.warning(
2026-09-12 00:55:45.178 Please replace `use_container_width` with `width`.

`use_container_width` will be removed after 2025-12-31.

For `use_container_width=True`, use `width='stretch'`. For `use_container_width=False`, use `width='content'`.
2026-09-12 00:55:45.184 `label` got an empty value. This is discouraged for accessibility reasons and may be disallowed in the future by raising an exception. Please provide a non-empty label and hide it with label_visibility if needed.
Stack (most recent call last):
  File "C:\Users\NEC JAPAN\AppData\Local\Python\pythoncore-3.14-64\Lib\threading.py", line 1044, in _bootstrap
    self._bootstrap_inner()
  File "C:\Users\NEC JAPAN\AppData\Local\Python\pythoncore-3.14-64\Lib\threading.py", line 1082, in _bootstrap_inner
    self._context.run(self.run)
  File "C:\Users\NEC JAPAN\AppData\Local\Python\pythoncore-3.14-64\Lib\threading.py", line 1024, in run
    self._target(*self._args, **self._kwargs)
  File "C:\Users\NEC JAPAN\AppData\Local\Python\pythoncore-3.14-64\Lib\site-packages\streamlit\runtime\scriptrunner\script_runner.py", line 399, in _run_script_thread
    self._run_script(request.rerun_data)
  File "C:\Users\NEC JAPAN\AppData\Local\Python\pythoncore-3.14-64\Lib\site-packages\streamlit\runtime\scriptrunner\script_runner.py", line 852, in _run_script
    ) = exec_func_with_error_handling(code_to_exec, ctx)
  File "C:\Users\NEC JAPAN\AppData\Local\Python\pythoncore-3.14-64\Lib\site-packages\streamlit\runtime\scriptrunner\exec_code.py", line 136, in exec_func_with_error_handling
    result = func()
  File "C:\Users\NEC JAPAN\AppData\Local\Python\pythoncore-3.14-64\Lib\site-packages\streamlit\runtime\scriptrunner\script_runner.py", line 827, in code_to_exec
    exec(code, module.__dict__)  # noqa: S102
  File "C:\Users\NEC JAPAN\Desktop\main\asaan-qanoon-ai\streamlit_app.py", line 56, in <module>
    page=st.radio("",["Dashboard","AI Assistant","Action Plans","Documents","Knowledge Sources","System Health"],label_visibility="collapsed")
  File "C:\Users\NEC JAPAN\AppData\Local\Python\pythoncore-3.14-64\Lib\site-packages\streamlit\runtime\metrics_util.py", line 725, in wrapped_func
    result = non_optional_func(*args, **kwargs)
  File "C:\Users\NEC JAPAN\AppData\Local\Python\pythoncore-3.14-64\Lib\site-packages\streamlit\elements\widgets\radio.py", line 421, in radio
    return self._radio(
  File "C:\Users\NEC JAPAN\AppData\Local\Python\pythoncore-3.14-64\Lib\site-packages\streamlit\elements\widgets\radio.py", line 470, in _radio
    label = maybe_raise_label_warnings(label, label_visibility)
  File "C:\Users\NEC JAPAN\AppData\Local\Python\pythoncore-3.14-64\Lib\site-packages\streamlit\elements\lib\policies.py", line 169, in maybe_raise_label_warnings
    _LOGGER.warning(
2026-09-12 00:55:52.633 Please replace `use_container_width` with `width`.

`use_container_width` will be removed after 2025-12-31.

For `use_container_width=True`, use `width='stretch'`. For `use_container_width=False`, use `width='content'`.
2026-09-12 00:55:52.641 `label` got an empty value. This is discouraged for accessibility reasons and may be disallowed in the future by raising an exception. Please provide a non-empty label and hide it with label_visibility if needed.
Stack (most recent call last):
  File "C:\Users\NEC JAPAN\AppData\Local\Python\pythoncore-3.14-64\Lib\threading.py", line 1044, in _bootstrap
    self._bootstrap_inner()
  File "C:\Users\NEC JAPAN\AppData\Local\Python\pythoncore-3.14-64\Lib\threading.py", line 1082, in _bootstrap_inner
    self._context.run(self.run)
  File "C:\Users\NEC JAPAN\AppData\Local\Python\pythoncore-3.14-64\Lib\threading.py", line 1024, in run
    self._target(*self._args, **self._kwargs)
  File "C:\Users\NEC JAPAN\AppData\Local\Python\pythoncore-3.14-64\Lib\site-packages\streamlit\runtime\scriptrunner\script_runner.py", line 399, in _run_script_thread
    self._run_script(request.rerun_data)
  File "C:\Users\NEC JAPAN\AppData\Local\Python\pythoncore-3.14-64\Lib\site-packages\streamlit\runtime\scriptrunner\script_runner.py", line 852, in _run_script
    ) = exec_func_with_error_handling(code_to_exec, ctx)
  File "C:\Users\NEC JAPAN\AppData\Local\Python\pythoncore-3.14-64\Lib\site-packages\streamlit\runtime\scriptrunner\exec_code.py", line 136, in exec_func_with_error_handling
    result = func()
  File "C:\Users\NEC JAPAN\AppData\Local\Python\pythoncore-3.14-64\Lib\site-packages\streamlit\runtime\scriptrunner\script_runner.py", line 827, in code_to_exec
    exec(code, module.__dict__)  # noqa: S102
  File "C:\Users\NEC JAPAN\Desktop\main\asaan-qanoon-ai\streamlit_app.py", line 56, in <module>
    page=st.radio("",["Dashboard","AI Assistant","Action Plans","Documents","Knowledge Sources","System Health"],label_visibility="collapsed")
  File "C:\Users\NEC JAPAN\AppData\Local\Python\pythoncore-3.14-64\Lib\site-packages\streamlit\runtime\metrics_util.py", line 725, in wrapped_func
    result = non_optional_func(*args, **kwargs)
  File "C:\Users\NEC JAPAN\AppData\Local\Python\pythoncore-3.14-64\Lib\site-packages\streamlit\elements\widgets\radio.py", line 421, in radio
    return self._radio(
  File "C:\Users\NEC JAPAN\AppData\Local\Python\pythoncore-3.14-64\Lib\site-packages\streamlit\elements\widgets\radio.py", line 470, in _radio
    label = maybe_raise_label_warnings(label, label_visibility)
  File "C:\Users\NEC JAPAN\AppData\Local\Python\pythoncore-3.14-64\Lib\site-packages\streamlit\elements\lib\policies.py", line 169, in maybe_raise_label_warnings
    _LOGGER.warning(
2026-09-12 00:55:54.454 Please replace `use_container_width` with `width`.

`use_container_width` will be removed after 2025-12-31.

For `use_container_width=True`, use `width='stretch'`. For `use_container_width=False`, use `width='content'`.
2026-09-12 00:55:54.460 `label` got an empty value. This is discouraged for accessibility reasons and may be disallowed in the future by raising an exception. Please provide a non-empty label and hide it with label_visibility if needed.
Stack (most recent call last):
  File "C:\Users\NEC JAPAN\AppData\Local\Python\pythoncore-3.14-64\Lib\threading.py", line 1044, in _bootstrap
    self._bootstrap_inner()
  File "C:\Users\NEC JAPAN\AppData\Local\Python\pythoncore-3.14-64\Lib\threading.py", line 1082, in _bootstrap_inner
    self._context.run(self.run)
  File "C:\Users\NEC JAPAN\AppData\Local\Python\pythoncore-3.14-64\Lib\threading.py", line 1024, in run
    self._target(*self._args, **self._kwargs)
  File "C:\Users\NEC JAPAN\AppData\Local\Python\pythoncore-3.14-64\Lib\site-packages\streamlit\runtime\scriptrunner\script_runner.py", line 399, in _run_script_thread
    self._run_script(request.rerun_data)
  File "C:\Users\NEC JAPAN\AppData\Local\Python\pythoncore-3.14-64\Lib\site-packages\streamlit\runtime\scriptrunner\script_runner.py", line 852, in _run_script
    ) = exec_func_with_error_handling(code_to_exec, ctx)
  File "C:\Users\NEC JAPAN\AppData\Local\Python\pythoncore-3.14-64\Lib\site-packages\streamlit\runtime\scriptrunner\exec_code.py", line 136, in exec_func_with_error_handling
    result = func()
  File "C:\Users\NEC JAPAN\AppData\Local\Python\pythoncore-3.14-64\Lib\site-packages\streamlit\runtime\scriptrunner\script_runner.py", line 827, in code_to_exec
    exec(code, module.__dict__)  # noqa: S102
  File "C:\Users\NEC JAPAN\Desktop\main\asaan-qanoon-ai\streamlit_app.py", line 56, in <module>
    page=st.radio("",["Dashboard","AI Assistant","Action Plans","Documents","Knowledge Sources","System Health"],label_visibility="collapsed")
  File "C:\Users\NEC JAPAN\AppData\Local\Python\pythoncore-3.14-64\Lib\site-packages\streamlit\runtime\metrics_util.py", line 725, in wrapped_func
    result = non_optional_func(*args, **kwargs)
  File "C:\Users\NEC JAPAN\AppData\Local\Python\pythoncore-3.14-64\Lib\site-packages\streamlit\elements\widgets\radio.py", line 421, in radio
    return self._radio(
  File "C:\Users\NEC JAPAN\AppData\Local\Python\pythoncore-3.14-64\Lib\site-packages\streamlit\elements\widgets\radio.py", line 470, in _radio
    label = maybe_raise_label_warnings(label, label_visibility)
  File "C:\Users\NEC JAPAN\AppData\Local\Python\pythoncore-3.14-64\Lib\site-packages\streamlit\elements\lib\policies.py", line 169, in maybe_raise_label_warnings
    _LOGGER.warning(
2026-09-12 00:55:55.734 Please replace `use_container_width` with `width`.

`use_container_width` will be removed after 2025-12-31.

For `use_container_width=True`, use `width='stretch'`. For `use_container_width=False`, use `width='content'`.
2026-09-12 00:55:55.743 `label` got an empty value. This is discouraged for accessibility reasons and may be disallowed in the future by raising an exception. Please provide a non-empty label and hide it with label_visibility if needed.
Stack (most recent call last):
  File "C:\Users\NEC JAPAN\AppData\Local\Python\pythoncore-3.14-64\Lib\threading.py", line 1044, in _bootstrap
    self._bootstrap_inner()
  File "C:\Users\NEC JAPAN\AppData\Local\Python\pythoncore-3.14-64\Lib\threading.py", line 1082, in _bootstrap_inner
    self._context.run(self.run)
  File "C:\Users\NEC JAPAN\AppData\Local\Python\pythoncore-3.14-64\Lib\threading.py", line 1024, in run
    self._target(*self._args, **self._kwargs)
  File "C:\Users\NEC JAPAN\AppData\Local\Python\pythoncore-3.14-64\Lib\site-packages\streamlit\runtime\scriptrunner\script_runner.py", line 399, in _run_script_thread
    self._run_script(request.rerun_data)
  File "C:\Users\NEC JAPAN\AppData\Local\Python\pythoncore-3.14-64\Lib\site-packages\streamlit\runtime\scriptrunner\script_runner.py", line 852, in _run_script
    ) = exec_func_with_error_handling(code_to_exec, ctx)
  File "C:\Users\NEC JAPAN\AppData\Local\Python\pythoncore-3.14-64\Lib\site-packages\streamlit\runtime\scriptrunner\exec_code.py", line 136, in exec_func_with_error_handling
    result = func()
  File "C:\Users\NEC JAPAN\AppData\Local\Python\pythoncore-3.14-64\Lib\site-packages\streamlit\runtime\scriptrunner\script_runner.py", line 827, in code_to_exec
    exec(code, module.__dict__)  # noqa: S102
  File "C:\Users\NEC JAPAN\Desktop\main\asaan-qanoon-ai\streamlit_app.py", line 56, in <module>
    page=st.radio("",["Dashboard","AI Assistant","Action Plans","Documents","Knowledge Sources","System Health"],label_visibility="collapsed")
  File "C:\Users\NEC JAPAN\AppData\Local\Python\pythoncore-3.14-64\Lib\site-packages\streamlit\runtime\metrics_util.py", line 725, in wrapped_func
    result = non_optional_func(*args, **kwargs)
  File "C:\Users\NEC JAPAN\AppData\Local\Python\pythoncore-3.14-64\Lib\site-packages\streamlit\elements\widgets\radio.py", line 421, in radio
    return self._radio(
  File "C:\Users\NEC JAPAN\AppData\Local\Python\pythoncore-3.14-64\Lib\site-packages\streamlit\elements\widgets\radio.py", line 470, in _radio
    label = maybe_raise_label_warnings(label, label_visibility)
  File "C:\Users\NEC JAPAN\AppData\Local\Python\pythoncore-3.14-64\Lib\site-packages\streamlit\elements\lib\policies.py", line 169, in maybe_raise_label_warnings
    _LOGGER.warning(
2026-09-12 01:30:30.680 Please replace `use_container_width` with `width`.

`use_container_width` will be removed after 2025-12-31.

For `use_container_width=True`, use `width='stretch'`. For `use_container_width=False`, use `width='content'`.
Exception in callback _ProactorBasePipeTransport._call_connection_lost()
handle: <Handle _ProactorBasePipeTransport._call_connection_lost()>
Traceback (most recent call last):
  File "C:\Users\NEC JAPAN\AppData\Local\Python\pythoncore-3.14-64\Lib\asyncio\events.py", line 94, in _run
    self._context.run(self._callback, *self._args)
    ~~~~~~~~~~~~~~~~~^^^^^^^^^^^^^^^^^^^^^^^^^^^^^
  File "C:\Users\NEC JAPAN\AppData\Local\Python\pythoncore-3.14-64\Lib\asyncio\proactor_events.py", line 166, in _call_connection_lost
    self._sock.shutdown(socket.SHUT_RDWR)
    ~~~~~~~~~~~~~~~~~~~^^^^^^^^^^^^^^^^^^
ConnectionResetError: [WinError 10054] An existing connection was forcibly closed by the remote host
2026-09-12 01:34:33.916 Please replace `use_container_width` with `width`.

`use_container_width` will be removed after 2025-12-31.

For `use_container_width=True`, use `width='stretch'`. For `use_container_width=False`, use `width='content'`.
2026-09-12 01:34:48.879 Please replace `use_container_width` with `width`.

`use_container_width` will be removed after 2025-12-31.

For `use_container_width=True`, use `width='stretch'`. For `use_container_width=False`, use `width='content'`.
2026-09-12 01:51:30.229 An update to the [server] config option section was detected. To have these changes be reflected, please restart streamlit.
2026-09-12 01:59:53.955 127.0.0.1:52288 - "GET /_stcore/health HTTP/1.1" 200
2026-09-12 01:59:53.958 127.0.0.1:52287 - "GET /_stcore/host-config HTTP/1.1" 200
2026-09-12 01:59:54.308 127.0.0.1:52291 - "WebSocket /_stcore/stream" [accepted]
2026-09-12 01:59:54.309 connection open
2026-09-12 02:00:01.997 127.0.0.1:52290 - "GET / HTTP/1.1" 304
2026-09-12 02:00:02.304 127.0.0.1:52290 - "GET /_stcore/health HTTP/1.1" 200
2026-09-12 02:00:02.306 127.0.0.1:52294 - "GET /_stcore/host-config HTTP/1.1" 200
2026-09-12 02:00:02.633 127.0.0.1:52296 - "WebSocket /_stcore/stream" [accepted]
2026-09-12 02:00:02.634 connection open
2026-09-12 02:00:02.752 Please replace `use_container_width` with `width`.

`use_container_width` will be removed after 2025-12-31.

For `use_container_width=True`, use `width='stretch'`. For `use_container_width=False`, use `width='content'`.
2026-09-12 02:00:02.796 127.0.0.1:52294 - "GET /A HTTP/1.1" 200
2026-09-12 02:00:04.546 127.0.0.1:52294 - "GET /media/54e9c1a5182d25092c4d8bec7bb58270.jpg HTTP/1.1" 200
2026-09-12 02:01:22.799 127.0.0.1:52453 - "GET /app/static/Dashboard/index.html HTTP/1.1" 200
2026-09-12 02:01:22.888 127.0.0.1:52453 - "GET /app/static/Dashboard/static/media/SourceSansVF-Upright.ttf.BsWL4Kly.woff2 HTTP/1.1" 200
2026-09-12 02:01:22.898 127.0.0.1:52454 - "GET /app/static/Dashboard/static/js/index.ByR4Z2EF.js HTTP/1.1" 200
2026-09-12 02:01:22.925 127.0.0.1:52453 - "GET /app/static/Dashboard/static/js/rolldown-runtime.C0FnF6B9.js HTTP/1.1" 200
2026-09-12 02:01:22.935 127.0.0.1:52454 - "GET /app/static/Dashboard/static/js/emotion-is-prop-valid.esm.CuYlOKOk.js HTTP/1.1" 200
2026-09-12 02:01:22.946 127.0.0.1:52453 - "GET /app/static/Dashboard/static/css/index.DZDjBcCO.css HTTP/1.1" 200
2026-09-12 02:01:22.952 127.0.0.1:52454 - "GET /app/static/Dashboard/static/js/emotion-styled.browser.esm.Dj5rZcu_.js HTTP/1.1" 200
2026-09-12 02:01:22.958 127.0.0.1:52453 - "GET /app/static/Dashboard/static/js/loglevel.xXLtmX_e.js HTTP/1.1" 200
2026-09-12 02:01:22.979 127.0.0.1:52454 - "GET /app/static/Dashboard/static/js/react-dom.BzV73oHg.js HTTP/1.1" 200
2026-09-12 02:01:22.982 127.0.0.1:52453 - "GET /app/static/Dashboard/static/js/emotion-react.browser.esm.DBDHL_YU.js HTTP/1.1" 200
2026-09-12 02:01:22.990 127.0.0.1:52454 - "GET /app/static/Dashboard/static/js/protobuf.D2FOsaUI.js HTTP/1.1" 200
2026-09-12 02:01:22.998 127.0.0.1:52453 - "GET /app/static/Dashboard/static/js/getColors.CymiOtHO.js HTTP/1.1" 200
2026-09-12 02:01:23.003 127.0.0.1:52454 - "GET /app/static/Dashboard/static/js/types.cZoyy9Y-.js HTTP/1.1" 200
2026-09-12 02:01:23.020 127.0.0.1:52453 - "GET /app/static/Dashboard/static/js/isSymbol.CmW3dkoN.js HTTP/1.1" 200
2026-09-12 02:01:23.024 127.0.0.1:52454 - "GET /app/static/Dashboard/static/js/toString.tRXNBxtF.js HTTP/1.1" 200
2026-09-12 02:01:23.034 127.0.0.1:52453 - "GET /app/static/Dashboard/static/js/isArrayLike.Crw2F5li.js HTTP/1.1" 200
2026-09-12 02:01:23.045 127.0.0.1:52454 - "GET /app/static/Dashboard/static/js/_isIterateeCall.BUStsXAd.js HTTP/1.1" 200
2026-09-12 02:01:23.059 127.0.0.1:52453 - "GET /app/static/Dashboard/static/js/isArrayLikeObject.B3Zf3PTL.js HTTP/1.1" 200
2026-09-12 02:01:23.062 127.0.0.1:52458 - "GET /app/static/Dashboard/static/js/merge.D4_AOTv8.js HTTP/1.1" 200
2026-09-12 02:01:23.068 127.0.0.1:52454 - "GET /app/static/Dashboard/static/js/_baseFlatten.IOj0lc7G.js HTTP/1.1" 200
2026-09-12 02:01:23.076 127.0.0.1:52453 - "GET /app/static/Dashboard/static/js/last.DfjdtCRp.js HTTP/1.1" 200
2026-09-12 02:01:23.078 127.0.0.1:52458 - "GET /app/static/Dashboard/static/js/utils.Bid3C9ZE.js HTTP/1.1" 200
2026-09-12 02:01:23.086 127.0.0.1:52454 - "GET /app/static/Dashboard/static/js/UriUtil.Wq-or4O5.js HTTP/1.1" 200
2026-09-12 02:01:23.093 127.0.0.1:52453 - "GET /app/static/Dashboard/static/js/useCrossOriginAttribute.CkRekpDE.js HTTP/1.1" 200
2026-09-12 02:01:23.101 127.0.0.1:52454 - "GET /app/static/Dashboard/static/js/useFloatingOverlay.DP8o9Tmt.js HTTP/1.1" 200
2026-09-12 02:01:23.104 127.0.0.1:52458 - "GET /app/static/Dashboard/static/js/useEmotionTheme.cgGerbj0.js HTTP/1.1" 200
2026-09-12 02:01:23.109 127.0.0.1:52453 - "GET /app/static/Dashboard/static/js/Tooltip.bbzhtE2V.js HTTP/1.1" 200
2026-09-12 02:01:23.118 127.0.0.1:52454 - "GET /app/static/Dashboard/static/js/lib.DaUKNU-6.js HTTP/1.1" 200
2026-09-12 02:01:23.120 127.0.0.1:52458 - "GET /app/static/Dashboard/static/js/lib.DuoFSfCJ.js HTTP/1.1" 200
2026-09-12 02:01:23.123 127.0.0.1:52453 - "GET /app/static/Dashboard/static/js/lib.CMmWlZtt.js HTTP/1.1" 200
2026-09-12 02:01:23.131 127.0.0.1:52454 - "GET /app/static/Dashboard/static/js/space-separated-tokens.BqhiSyze.js HTTP/1.1" 200
2026-09-12 02:01:23.140 127.0.0.1:52458 - "GET /app/static/Dashboard/static/js/ErrorElement.CZxpg0mG.js HTTP/1.1" 200
2026-09-12 02:01:23.148 127.0.0.1:52453 - "GET /app/static/Dashboard/static/js/preload-helper.HclGiUj8.js HTTP/1.1" 200
2026-09-12 02:01:23.150 127.0.0.1:52454 - "GET /app/static/Dashboard/static/js/StreamlitMarkdown.DYzuPhFL.js HTTP/1.1" 200
2026-09-12 02:01:23.158 127.0.0.1:52453 - "GET /app/static/Dashboard/static/js/_baseProperty.BV6HSwpm.js HTTP/1.1" 200
2026-09-12 02:01:23.166 127.0.0.1:52458 - "GET /app/static/Dashboard/static/js/_baseIsEqual.sdZCjgvS.js HTTP/1.1" 200
2026-09-12 02:01:23.168 127.0.0.1:52454 - "GET /app/static/Dashboard/static/js/_baseEach.PLhpSRgM.js HTTP/1.1" 200
2026-09-12 02:01:23.182 127.0.0.1:52453 - "GET /app/static/Dashboard/static/js/utils.C3-QKZw0.js HTTP/1.1" 200
2026-09-12 02:01:23.190 127.0.0.1:52458 - "GET /app/static/Dashboard/static/js/FlexContext.C5C5xhXp.js HTTP/1.1" 200
2026-09-12 02:01:23.191 127.0.0.1:52454 - "GET /app/static/Dashboard/static/js/Icon.D7FzE0QT.js HTTP/1.1" 200
2026-09-12 02:01:23.197 127.0.0.1:52453 - "GET /app/static/Dashboard/static/js/DynamicIcon.CshBYn8E.js HTTP/1.1" 200
2026-09-12 02:01:23.205 127.0.0.1:52458 - "GET /app/static/Dashboard/static/js/useFocusRing.DHkb3Ano.js HTTP/1.1" 200
2026-09-12 02:01:23.213 127.0.0.1:52454 - "GET /app/static/Dashboard/static/js/useDescription.DhcBmKN1.js HTTP/1.1" 200
2026-09-12 02:01:23.223 127.0.0.1:52461 - "GET /app/static/Dashboard/static/js/textSelection.3mUzbG98.js HTTP/1.1" 200
2026-09-12 02:01:23.225 127.0.0.1:52453 - "GET /app/static/Dashboard/static/js/useFocusable.IPfYJBxF.js HTTP/1.1" 200
2026-09-12 02:01:23.226 127.0.0.1:52459 - "GET /app/static/Dashboard/static/js/Hidden.tKmNEkoU.js HTTP/1.1" 200
2026-09-12 02:01:23.229 127.0.0.1:52460 - "GET /app/static/Dashboard/static/js/shim.BbyJgaa_.js HTTP/1.1" 200
2026-09-12 02:01:23.234 127.0.0.1:52458 - "GET /app/static/Dashboard/static/js/usePress.Z-7zirtr.js HTTP/1.1" 200
2026-09-12 02:01:23.239 127.0.0.1:52454 - "GET /app/static/Dashboard/static/js/FocusScope.C5ebNfXr.js HTTP/1.1" 200
2026-09-12 02:01:23.252 127.0.0.1:52461 - "GET /app/static/Dashboard/static/js/useCollection.5Kt7BCZv.js HTTP/1.1" 200
2026-09-12 02:01:23.256 127.0.0.1:52458 - "GET /app/static/Dashboard/static/js/useNumberFormatter.DnjxxY3B.js HTTP/1.1" 200
2026-09-12 02:01:23.258 127.0.0.1:52453 - "GET /app/static/Dashboard/static/js/useLabel.DZK1zX4s.js HTTP/1.1" 200
2026-09-12 02:01:23.262 127.0.0.1:52460 - "GET /app/static/Dashboard/static/js/NumberFormatter.CHYrjPj-.js HTTP/1.1" 200
2026-09-12 02:01:23.264 127.0.0.1:52459 - "GET /app/static/Dashboard/static/js/getScrollParent.CNKwFf7j.js HTTP/1.1" 200
2026-09-12 02:01:23.265 127.0.0.1:52454 - "GET /app/static/Dashboard/static/js/ProgressBar.CUqyemk6.js HTTP/1.1" 200
2026-09-12 02:01:23.280 127.0.0.1:52461 - "GET /app/static/Dashboard/static/js/SharedElementTransition.Cz1rpH2Z.js HTTP/1.1" 200
2026-09-12 02:01:23.282 127.0.0.1:52453 - "GET /app/static/Dashboard/static/js/VisuallyHidden.BEql-Qfj.js HTTP/1.1" 200
2026-09-12 02:01:23.285 127.0.0.1:52458 - "GET /app/static/Dashboard/static/js/SelectionIndicator.C01CFBRG.js HTTP/1.1" 200
2026-09-12 02:01:23.288 127.0.0.1:52459 - "GET /app/static/Dashboard/static/js/useToggleState.B7tiZAh3.js HTTP/1.1" 200
2026-09-12 02:01:23.290 127.0.0.1:52460 - "GET /app/static/Dashboard/static/js/useFormValidation.DAea014h.js HTTP/1.1" 200
2026-09-12 02:01:23.296 127.0.0.1:52454 - "GET /app/static/Dashboard/static/js/horizontalOverflowFade.BB1N5Tky.js HTTP/1.1" 200
2026-09-12 02:01:23.302 127.0.0.1:52461 - "GET /app/static/Dashboard/static/js/styled-components.CMq9oZJa.js HTTP/1.1" 200
2026-09-12 02:01:23.308 127.0.0.1:52458 - "GET /app/static/Dashboard/static/js/FormClearHelper.m09PLQaJ.js HTTP/1.1" 200
2026-09-12 02:01:23.309 127.0.0.1:52453 - "GET /app/static/Dashboard/static/js/BaseButton.DiyA9nY7.js HTTP/1.1" 200
2026-09-12 02:01:23.315 127.0.0.1:52459 - "GET /app/static/Dashboard/static/js/useTimeout.DgWF0Nme.js HTTP/1.1" 200
2026-09-12 02:01:23.319 127.0.0.1:52460 - "GET /app/static/Dashboard/static/js/useResizeObserver.3kyCQ1g6.js HTTP/1.1" 200
2026-09-12 02:01:23.323 127.0.0.1:52454 - "GET /app/static/Dashboard/static/js/index.esm.M9ThdiDn.js HTTP/1.1" 200
2026-09-12 02:01:23.328 127.0.0.1:52461 - "GET /app/static/Dashboard/static/js/Check.esm.Cipw9iKh.js HTTP/1.1" 200
2026-09-12 02:01:23.342 127.0.0.1:52453 - "GET /app/static/Dashboard/static/js/Toolbar.ButNSXx3.js HTTP/1.1" 200
2026-09-12 02:01:23.344 127.0.0.1:52458 - "GET /app/static/Dashboard/static/js/ContentCopy.esm.B7i0-ihs.js HTTP/1.1" 200
2026-09-12 02:01:23.346 127.0.0.1:52459 - "GET /app/static/Dashboard/static/js/useCopyToClipboard.C-ywP4Jl.js HTTP/1.1" 200
2026-09-12 02:01:23.348 127.0.0.1:52460 - "GET /app/static/Dashboard/static/js/useRequiredContext.DBsQavvD.js HTTP/1.1" 200
2026-09-12 02:01:23.351 127.0.0.1:52454 - "GET /app/static/Dashboard/favicon.png HTTP/1.1" 200
2026-09-12 02:01:23.532 127.0.0.1:52468 - "GET /app/static/Dashboard/static/js/index.ByR4Z2EF.js HTTP/1.1" 200
2026-09-12 02:01:23.534 127.0.0.1:52469 - "GET /app/static/Dashboard/static/js/rolldown-runtime.C0FnF6B9.js HTTP/1.1" 200
2026-09-12 02:01:23.546 127.0.0.1:52468 - "GET /app/static/Dashboard/static/js/emotion-is-prop-valid.esm.CuYlOKOk.js HTTP/1.1" 200
2026-09-12 02:01:23.548 127.0.0.1:52469 - "GET /app/static/Dashboard/static/js/emotion-styled.browser.esm.Dj5rZcu_.js HTTP/1.1" 200
2026-09-12 02:01:23.556 127.0.0.1:52468 - "GET /app/static/Dashboard/static/js/loglevel.xXLtmX_e.js HTTP/1.1" 200
2026-09-12 02:01:23.562 127.0.0.1:52470 - "GET /app/static/Dashboard/static/js/emotion-react.browser.esm.DBDHL_YU.js HTTP/1.1" 200
2026-09-12 02:01:23.566 127.0.0.1:52469 - "GET /app/static/Dashboard/static/js/react-dom.BzV73oHg.js HTTP/1.1" 200
2026-09-12 02:01:23.568 127.0.0.1:52471 - "GET /app/static/Dashboard/static/js/protobuf.D2FOsaUI.js HTTP/1.1" 200
2026-09-12 02:01:23.573 127.0.0.1:52468 - "GET /app/static/Dashboard/static/js/getColors.CymiOtHO.js HTTP/1.1" 200
2026-09-12 02:01:23.575 127.0.0.1:52470 - "GET /app/static/Dashboard/static/js/types.cZoyy9Y-.js HTTP/1.1" 200
2026-09-12 02:01:23.578 127.0.0.1:52469 - "GET /app/static/Dashboard/static/js/isSymbol.CmW3dkoN.js HTTP/1.1" 200
2026-09-12 02:01:23.582 127.0.0.1:52471 - "GET /app/static/Dashboard/static/js/toString.tRXNBxtF.js HTTP/1.1" 200
2026-09-12 02:01:23.587 127.0.0.1:52468 - "GET /app/static/Dashboard/static/js/isArrayLike.Crw2F5li.js HTTP/1.1" 200
2026-09-12 02:01:23.591 127.0.0.1:52470 - "GET /app/static/Dashboard/static/js/_isIterateeCall.BUStsXAd.js HTTP/1.1" 200
2026-09-12 02:01:23.593 127.0.0.1:52472 - "GET /app/static/Dashboard/static/js/isArrayLikeObject.B3Zf3PTL.js HTTP/1.1" 200
2026-09-12 02:01:23.594 127.0.0.1:52473 - "GET /app/static/Dashboard/static/js/merge.D4_AOTv8.js HTTP/1.1" 200
2026-09-12 02:01:23.596 127.0.0.1:52469 - "GET /app/static/Dashboard/static/js/_baseFlatten.IOj0lc7G.js HTTP/1.1" 200
2026-09-12 02:01:23.599 127.0.0.1:52471 - "GET /app/static/Dashboard/static/js/last.DfjdtCRp.js HTTP/1.1" 200
2026-09-12 02:01:23.606 127.0.0.1:52468 - "GET /app/static/Dashboard/static/js/utils.Bid3C9ZE.js HTTP/1.1" 200
2026-09-12 02:01:23.608 127.0.0.1:52470 - "GET /app/static/Dashboard/static/js/UriUtil.Wq-or4O5.js HTTP/1.1" 200
2026-09-12 02:01:23.610 127.0.0.1:52472 - "GET /app/static/Dashboard/static/js/useCrossOriginAttribute.CkRekpDE.js HTTP/1.1" 200
2026-09-12 02:01:23.613 127.0.0.1:52473 - "GET /app/static/Dashboard/static/js/useFloatingOverlay.DP8o9Tmt.js HTTP/1.1" 200
2026-09-12 02:01:23.613 127.0.0.1:52469 - "GET /app/static/Dashboard/static/js/useEmotionTheme.cgGerbj0.js HTTP/1.1" 200
2026-09-12 02:01:23.616 127.0.0.1:52471 - "GET /app/static/Dashboard/static/js/Tooltip.bbzhtE2V.js HTTP/1.1" 200
2026-09-12 02:01:23.636 127.0.0.1:52468 - "GET /app/static/Dashboard/static/js/lib.DaUKNU-6.js HTTP/1.1" 200
2026-09-12 02:06:05.024 127.0.0.1:52533 - "GET /_stcore/health HTTP/1.1" 200
2026-09-12 02:06:05.027 127.0.0.1:52534 - "GET /_stcore/host-config HTTP/1.1" 200
2026-09-12 02:06:05.375 127.0.0.1:52537 - "WebSocket /_stcore/stream" [accepted]
2026-09-12 02:06:05.376 connection open
2026-09-12 02:24:50.095 Please replace `use_container_width` with `width`.

`use_container_width` will be removed after 2025-12-31.

For `use_container_width=True`, use `width='stretch'`. For `use_container_width=False`, use `width='content'`.
2026-09-12 02:24:51.964 127.0.0.1:52767 - "GET /static/js/ChatInput.C_O4yZSF.js HTTP/1.1" 200
2026-09-12 02:24:51.967 127.0.0.1:52768 - "GET /static/js/zip.DLtjLZjW.js HTTP/1.1" 200
2026-09-12 02:24:51.977 127.0.0.1:52769 - "GET /static/js/unzip.BaBcYNJz.js HTTP/1.1" 200
2026-09-12 02:24:51.987 127.0.0.1:52770 - "GET /static/js/utils.BY03HRfb.js HTTP/1.1" 200
2026-09-12 02:24:51.992 127.0.0.1:52771 - "GET /static/js/ErrorOutline.esm.C2eXn1c_.js HTTP/1.1" 200
2026-09-12 02:24:51.995 127.0.0.1:52772 - "GET /static/js/TableChart.esm.o-QINulw.js HTTP/1.1" 200
2026-09-12 02:24:52.002 127.0.0.1:52767 - "GET /static/js/UploadFileInfo.WAP1L8Dh.js HTTP/1.1" 200
2026-09-12 02:24:52.003 127.0.0.1:52768 - "GET /static/js/useWaveformController.2J07uaI0.js HTTP/1.1" 200
2026-09-12 02:24:52.007 127.0.0.1:52769 - "GET /static/js/InputInstructions.B0-hs8Hu.js HTTP/1.1" 200
2026-09-12 02:24:52.017 127.0.0.1:52770 - "GET /static/js/useTextInputAutoExpand.CP85OzMX.js HTTP/1.1" 200
2026-09-12 02:24:52.020 127.0.0.1:52771 - "GET /static/js/inputUtils.CD44xxT-.js HTTP/1.1" 200
2026-09-12 02:24:52.022 127.0.0.1:52772 - "GET /static/js/wavesurfer.esm.BV61c4jR.js HTTP/1.1" 200
2026-09-12 02:24:52.046 127.0.0.1:52767 - "GET /static/js/record.MREo2lrP.js HTTP/1.1" 200
2026-09-12 02:25:01.307 Please replace `use_container_width` with `width`.

`use_container_width` will be removed after 2025-12-31.

For `use_container_width=True`, use `width='stretch'`. For `use_container_width=False`, use `width='content'`.
2026-09-12 02:25:01.771 127.0.0.1:52778 - "GET /static/js/createDownloadLinkElement.Bo1hqb4Q.js HTTP/1.1" 200
2026-09-12 02:25:01.773 127.0.0.1:52777 - "GET /static/js/DownloadButton.FofvshuE.js HTTP/1.1" 200
2026-09-12 02:25:01.819 127.0.0.1:52780 - "GET /media/825924deab99275314c18da83df3d248.pdf HTTP/1.1" 200
2026-09-12 02:33:01.684 127.0.0.1:52846 - "GET / HTTP/1.1" 200
2026-09-12 02:36:39.880 127.0.0.1:52902 - "GET / HTTP/1.1" 304
2026-09-12 02:36:40.260 127.0.0.1:52902 - "GET /_stcore/health HTTP/1.1" 200
2026-09-12 02:36:40.262 127.0.0.1:52903 - "GET /_stcore/host-config HTTP/1.1" 200
2026-09-12 02:36:40.617 127.0.0.1:52906 - "WebSocket /_stcore/stream" [accepted]
2026-09-12 02:36:40.618 connection open
2026-09-12 02:36:40.636 Please replace `use_container_width` with `width`.

`use_container_width` will be removed after 2025-12-31.

For `use_container_width=True`, use `width='stretch'`. For `use_container_width=False`, use `width='content'`.
2026-09-12 02:36:42.084 127.0.0.1:52902 - "GET /media/54e9c1a5182d25092c4d8bec7bb58270.jpg HTTP/1.1" 200
2026-09-12 02:36:42.092 127.0.0.1:52903 - "GET /A HTTP/1.1" 200
2026-09-12 02:36:50.443 Please replace `use_container_width` with `width`.

`use_container_width` will be removed after 2025-12-31.

For `use_container_width=True`, use `width='stretch'`. For `use_container_width=False`, use `width='content'`.
2026-09-12 02:36:51.610 Please replace `use_container_width` with `width`.

`use_container_width` will be removed after 2025-12-31.

For `use_container_width=True`, use `width='stretch'`. For `use_container_width=False`, use `width='content'`.
2026-09-12 02:36:53.518 Please replace `use_container_width` with `width`.

`use_container_width` will be removed after 2025-12-31.

For `use_container_width=True`, use `width='stretch'`. For `use_container_width=False`, use `width='content'`.
2026-09-12 02:41:34.128 127.0.0.1:52972 - "GET /app/static/Dashboard/index.html HTTP/1.1" 200
2026-09-12 02:41:34.215 127.0.0.1:52972 - "GET /app/static/Dashboard/static/media/SourceSansVF-Upright.ttf.BsWL4Kly.woff2 HTTP/1.1" 200
2026-09-12 02:41:34.222 127.0.0.1:52973 - "GET /app/static/Dashboard/static/js/index.ByR4Z2EF.js HTTP/1.1" 200
2026-09-12 02:41:34.250 127.0.0.1:52972 - "GET /app/static/Dashboard/static/css/index.DZDjBcCO.css HTTP/1.1" 200
2026-09-12 02:41:34.252 127.0.0.1:52973 - "GET /app/static/Dashboard/static/js/rolldown-runtime.C0FnF6B9.js HTTP/1.1" 200
2026-09-12 02:41:34.265 127.0.0.1:52972 - "GET /app/static/Dashboard/static/js/emotion-is-prop-valid.esm.CuYlOKOk.js HTTP/1.1" 200
2026-09-12 02:41:34.267 127.0.0.1:52973 - "GET /app/static/Dashboard/static/js/emotion-styled.browser.esm.Dj5rZcu_.js HTTP/1.1" 200
2026-09-12 02:41:34.273 127.0.0.1:52972 - "GET /app/static/Dashboard/static/js/loglevel.xXLtmX_e.js HTTP/1.1" 200
2026-09-12 02:41:34.280 127.0.0.1:52973 - "GET /app/static/Dashboard/static/js/react-dom.BzV73oHg.js HTTP/1.1" 200
2026-09-12 02:41:34.310 127.0.0.1:52972 - "GET /app/static/Dashboard/static/js/emotion-react.browser.esm.DBDHL_YU.js HTTP/1.1" 200
2026-09-12 02:41:34.314 127.0.0.1:52973 - "GET /app/static/Dashboard/static/js/protobuf.D2FOsaUI.js HTTP/1.1" 200
2026-09-12 02:41:34.326 127.0.0.1:52972 - "GET /app/static/Dashboard/static/js/getColors.CymiOtHO.js HTTP/1.1" 200
2026-09-12 02:41:34.332 127.0.0.1:52973 - "GET /app/static/Dashboard/static/js/types.cZoyy9Y-.js HTTP/1.1" 200
2026-09-12 02:41:34.338 127.0.0.1:52972 - "GET /app/static/Dashboard/static/js/isSymbol.CmW3dkoN.js HTTP/1.1" 200
2026-09-12 02:41:34.342 127.0.0.1:52973 - "GET /app/static/Dashboard/static/js/toString.tRXNBxtF.js HTTP/1.1" 200
2026-09-12 02:41:34.350 127.0.0.1:52972 - "GET /app/static/Dashboard/static/js/isArrayLike.Crw2F5li.js HTTP/1.1" 200
2026-09-12 02:41:34.354 127.0.0.1:52973 - "GET /app/static/Dashboard/static/js/_isIterateeCall.BUStsXAd.js HTTP/1.1" 200
2026-09-12 02:41:34.360 127.0.0.1:52972 - "GET /app/static/Dashboard/static/js/isArrayLikeObject.B3Zf3PTL.js HTTP/1.1" 200
2026-09-12 02:41:34.377 127.0.0.1:52973 - "GET /app/static/Dashboard/static/js/merge.D4_AOTv8.js HTTP/1.1" 200
2026-09-12 02:41:34.390 127.0.0.1:52972 - "GET /app/static/Dashboard/static/js/_baseFlatten.IOj0lc7G.js HTTP/1.1" 200
2026-09-12 02:41:34.395 127.0.0.1:52977 - "GET /app/static/Dashboard/static/js/last.DfjdtCRp.js HTTP/1.1" 200
2026-09-12 02:41:34.403 127.0.0.1:52973 - "GET /app/static/Dashboard/static/js/utils.Bid3C9ZE.js HTTP/1.1" 200
2026-09-12 02:41:34.408 127.0.0.1:52972 - "GET /app/static/Dashboard/static/js/UriUtil.Wq-or4O5.js HTTP/1.1" 200
2026-09-12 02:41:34.413 127.0.0.1:52977 - "GET /app/static/Dashboard/static/js/useCrossOriginAttribute.CkRekpDE.js HTTP/1.1" 200
2026-09-12 02:41:34.416 127.0.0.1:52973 - "GET /app/static/Dashboard/static/js/useEmotionTheme.cgGerbj0.js HTTP/1.1" 200
2026-09-12 02:41:34.429 127.0.0.1:52972 - "GET /app/static/Dashboard/static/js/useFloatingOverlay.DP8o9Tmt.js HTTP/1.1" 200
2026-09-12 02:41:34.431 127.0.0.1:52977 - "GET /app/static/Dashboard/static/js/Tooltip.bbzhtE2V.js HTTP/1.1" 200
2026-09-12 02:41:34.445 127.0.0.1:52973 - "GET /app/static/Dashboard/static/js/lib.DaUKNU-6.js HTTP/1.1" 200
2026-09-12 02:41:34.449 127.0.0.1:52972 - "GET /app/static/Dashboard/static/js/lib.DuoFSfCJ.js HTTP/1.1" 200
2026-09-12 02:41:34.452 127.0.0.1:52977 - "GET /app/static/Dashboard/static/js/lib.CMmWlZtt.js HTTP/1.1" 200
2026-09-12 02:41:34.460 127.0.0.1:52973 - "GET /app/static/Dashboard/static/js/space-separated-tokens.BqhiSyze.js HTTP/1.1" 200
2026-09-12 02:41:34.464 127.0.0.1:52972 - "GET /app/static/Dashboard/static/js/ErrorElement.CZxpg0mG.js HTTP/1.1" 200
2026-09-12 02:41:34.468 127.0.0.1:52977 - "GET /app/static/Dashboard/static/js/preload-helper.HclGiUj8.js HTTP/1.1" 200
2026-09-12 02:41:34.474 127.0.0.1:52973 - "GET /app/static/Dashboard/static/js/StreamlitMarkdown.DYzuPhFL.js HTTP/1.1" 200
2026-09-12 02:41:34.478 127.0.0.1:52972 - "GET /app/static/Dashboard/static/js/_baseIsEqual.sdZCjgvS.js HTTP/1.1" 200
2026-09-12 02:41:34.482 127.0.0.1:52977 - "GET /app/static/Dashboard/static/js/_baseProperty.BV6HSwpm.js HTTP/1.1" 200
2026-09-12 02:41:34.495 127.0.0.1:52973 - "GET /app/static/Dashboard/static/js/_baseEach.PLhpSRgM.js HTTP/1.1" 200
2026-09-12 02:41:34.500 127.0.0.1:52972 - "GET /app/static/Dashboard/static/js/utils.C3-QKZw0.js HTTP/1.1" 200
2026-09-12 02:41:34.502 127.0.0.1:52977 - "GET /app/static/Dashboard/static/js/FlexContext.C5C5xhXp.js HTTP/1.1" 200
2026-09-12 02:41:34.511 127.0.0.1:52973 - "GET /app/static/Dashboard/static/js/Icon.D7FzE0QT.js HTTP/1.1" 200
2026-09-12 02:41:34.513 127.0.0.1:52972 - "GET /app/static/Dashboard/static/js/DynamicIcon.CshBYn8E.js HTTP/1.1" 200
2026-09-12 02:41:34.516 127.0.0.1:52977 - "GET /app/static/Dashboard/static/js/useFocusRing.DHkb3Ano.js HTTP/1.1" 200
2026-09-12 02:41:34.530 127.0.0.1:52973 - "GET /app/static/Dashboard/static/js/useDescription.DhcBmKN1.js HTTP/1.1" 200
2026-09-12 02:41:34.536 127.0.0.1:52972 - "GET /app/static/Dashboard/static/js/useFocusable.IPfYJBxF.js HTTP/1.1" 200
2026-09-12 02:41:34.548 127.0.0.1:52980 - "GET /app/static/Dashboard/static/js/usePress.Z-7zirtr.js HTTP/1.1" 200
2026-09-12 02:41:34.549 127.0.0.1:52978 - "GET /app/static/Dashboard/static/js/shim.BbyJgaa_.js HTTP/1.1" 200
2026-09-12 02:41:34.551 127.0.0.1:52977 - "GET /app/static/Dashboard/static/js/Hidden.tKmNEkoU.js HTTP/1.1" 200
2026-09-12 02:41:34.555 127.0.0.1:52979 - "GET /app/static/Dashboard/static/js/textSelection.3mUzbG98.js HTTP/1.1" 200
2026-09-12 02:41:34.557 127.0.0.1:52972 - "GET /app/static/Dashboard/static/js/useCollection.5Kt7BCZv.js HTTP/1.1" 200
2026-09-12 02:41:34.564 127.0.0.1:52973 - "GET /app/static/Dashboard/static/js/FocusScope.C5ebNfXr.js HTTP/1.1" 200
2026-09-12 02:41:34.574 127.0.0.1:52980 - "GET /app/static/Dashboard/static/js/useLabel.DZK1zX4s.js HTTP/1.1" 200
2026-09-12 02:41:34.578 127.0.0.1:52977 - "GET /app/static/Dashboard/static/js/NumberFormatter.CHYrjPj-.js HTTP/1.1" 200
2026-09-12 02:41:34.581 127.0.0.1:52978 - "GET /app/static/Dashboard/static/js/getScrollParent.CNKwFf7j.js HTTP/1.1" 200
2026-09-12 02:41:34.582 127.0.0.1:52979 - "GET /app/static/Dashboard/static/js/useNumberFormatter.DnjxxY3B.js HTTP/1.1" 200
2026-09-12 02:41:34.586 127.0.0.1:52972 - "GET /app/static/Dashboard/static/js/ProgressBar.CUqyemk6.js HTTP/1.1" 200
2026-09-12 02:41:34.591 127.0.0.1:52973 - "GET /app/static/Dashboard/static/js/SharedElementTransition.Cz1rpH2Z.js HTTP/1.1" 200
2026-09-12 02:41:34.603 127.0.0.1:52977 - "GET /app/static/Dashboard/static/js/VisuallyHidden.BEql-Qfj.js HTTP/1.1" 200
2026-09-12 02:41:34.604 127.0.0.1:52980 - "GET /app/static/Dashboard/static/js/SelectionIndicator.C01CFBRG.js HTTP/1.1" 200
2026-09-12 02:41:34.609 127.0.0.1:52979 - "GET /app/static/Dashboard/static/js/useToggleState.B7tiZAh3.js HTTP/1.1" 200
2026-09-12 02:41:34.611 127.0.0.1:52978 - "GET /app/static/Dashboard/static/js/useFormValidation.DAea014h.js HTTP/1.1" 200
2026-09-12 02:41:34.612 127.0.0.1:52972 - "GET /app/static/Dashboard/static/js/horizontalOverflowFade.BB1N5Tky.js HTTP/1.1" 200
2026-09-12 02:41:34.616 127.0.0.1:52973 - "GET /app/static/Dashboard/static/js/styled-components.CMq9oZJa.js HTTP/1.1" 200
2026-09-12 02:41:34.626 127.0.0.1:52977 - "GET /app/static/Dashboard/static/js/BaseButton.DiyA9nY7.js HTTP/1.1" 200
2026-09-12 02:41:34.627 127.0.0.1:52980 - "GET /app/static/Dashboard/static/js/FormClearHelper.m09PLQaJ.js HTTP/1.1" 200
2026-09-12 02:41:34.629 127.0.0.1:52979 - "GET /app/static/Dashboard/static/js/useTimeout.DgWF0Nme.js HTTP/1.1" 200
2026-09-12 02:41:34.632 127.0.0.1:52972 - "GET /app/static/Dashboard/static/js/index.esm.M9ThdiDn.js HTTP/1.1" 200
2026-09-12 02:41:34.635 127.0.0.1:52978 - "GET /app/static/Dashboard/static/js/useResizeObserver.3kyCQ1g6.js HTTP/1.1" 200
2026-09-12 02:41:34.637 127.0.0.1:52973 - "GET /app/static/Dashboard/static/js/Check.esm.Cipw9iKh.js HTTP/1.1" 200
2026-09-12 02:41:34.660 127.0.0.1:52977 - "GET /app/static/Dashboard/static/js/ContentCopy.esm.B7i0-ihs.js HTTP/1.1" 200
2026-09-12 02:41:34.662 127.0.0.1:52979 - "GET /app/static/Dashboard/static/js/useCopyToClipboard.C-ywP4Jl.js HTTP/1.1" 200
2026-09-12 02:41:34.666 127.0.0.1:52978 - "GET /app/static/Dashboard/favicon.png HTTP/1.1" 200
2026-09-12 02:41:34.667 127.0.0.1:52980 - "GET /app/static/Dashboard/static/js/Toolbar.ButNSXx3.js HTTP/1.1" 200
2026-09-12 02:41:34.669 127.0.0.1:52972 - "GET /app/static/Dashboard/static/js/useRequiredContext.DBsQavvD.js HTTP/1.1" 200
2026-09-12 02:41:35.264 127.0.0.1:52987 - "GET /app/static/Dashboard/static/js/index.ByR4Z2EF.js HTTP/1.1" 200
2026-09-12 02:41:35.266 127.0.0.1:52991 - "GET /app/static/Dashboard/static/js/loglevel.xXLtmX_e.js HTTP/1.1" 200
2026-09-12 02:41:35.267 127.0.0.1:52988 - "GET /app/static/Dashboard/static/js/rolldown-runtime.C0FnF6B9.js HTTP/1.1" 200
2026-09-12 02:41:35.270 127.0.0.1:52992 - "GET /app/static/Dashboard/static/js/react-dom.BzV73oHg.js HTTP/1.1" 200
2026-09-12 02:41:35.276 127.0.0.1:52990 - "GET /app/static/Dashboard/static/js/emotion-styled.browser.esm.Dj5rZcu_.js HTTP/1.1" 200
2026-09-12 02:41:35.278 127.0.0.1:52989 - "GET /app/static/Dashboard/static/js/emotion-is-prop-valid.esm.CuYlOKOk.js HTTP/1.1" 200
2026-09-12 02:41:35.290 127.0.0.1:52992 - "GET /app/static/Dashboard/static/js/types.cZoyy9Y-.js HTTP/1.1" 200
2026-09-12 02:41:35.292 127.0.0.1:52987 - "GET /app/static/Dashboard/static/js/emotion-react.browser.esm.DBDHL_YU.js HTTP/1.1" 200
2026-09-12 02:41:35.295 127.0.0.1:52991 - "GET /app/static/Dashboard/static/js/protobuf.D2FOsaUI.js HTTP/1.1" 200
2026-09-12 02:41:35.296 127.0.0.1:52988 - "GET /app/static/Dashboard/static/js/getColors.CymiOtHO.js HTTP/1.1" 200
2026-09-12 02:41:35.303 127.0.0.1:52990 - "GET /app/static/Dashboard/static/js/isSymbol.CmW3dkoN.js HTTP/1.1" 200
2026-09-12 02:41:35.309 127.0.0.1:52989 - "GET /app/static/Dashboard/static/js/toString.tRXNBxtF.js HTTP/1.1" 200
2026-09-12 02:41:35.325 127.0.0.1:52992 - "GET /app/static/Dashboard/static/js/isArrayLike.Crw2F5li.js HTTP/1.1" 200
2026-09-12 02:41:35.329 127.0.0.1:52987 - "GET /app/static/Dashboard/static/js/_isIterateeCall.BUStsXAd.js HTTP/1.1" 200
2026-09-12 02:41:35.355 127.0.0.1:52988 - "GET /app/static/Dashboard/static/js/merge.D4_AOTv8.js HTTP/1.1" 200
2026-09-12 02:41:35.356 127.0.0.1:52991 - "GET /app/static/Dashboard/static/js/isArrayLikeObject.B3Zf3PTL.js HTTP/1.1" 200
2026-09-12 02:41:35.359 127.0.0.1:52990 - "GET /app/static/Dashboard/static/js/_baseFlatten.IOj0lc7G.js HTTP/1.1" 200
2026-09-12 02:41:35.360 127.0.0.1:52989 - "GET /app/static/Dashboard/static/js/last.DfjdtCRp.js HTTP/1.1" 200
2026-09-12 02:41:35.365 127.0.0.1:52992 - "GET /app/static/Dashboard/static/js/utils.Bid3C9ZE.js HTTP/1.1" 200
2026-09-12 02:41:35.371 127.0.0.1:52987 - "GET /app/static/Dashboard/static/js/UriUtil.Wq-or4O5.js HTTP/1.1" 200
2026-09-12 02:41:35.374 127.0.0.1:52988 - "GET /app/static/Dashboard/static/js/useCrossOriginAttribute.CkRekpDE.js HTTP/1.1" 200
2026-09-12 02:41:35.376 127.0.0.1:52990 - "GET /app/static/Dashboard/static/js/useFloatingOverlay.DP8o9Tmt.js HTTP/1.1" 200
2026-09-12 02:41:35.377 127.0.0.1:52991 - "GET /app/static/Dashboard/static/js/useEmotionTheme.cgGerbj0.js HTTP/1.1" 200
2026-09-12 02:41:35.378 127.0.0.1:52989 - "GET /app/static/Dashboard/static/js/Tooltip.bbzhtE2V.js HTTP/1.1" 200
2026-09-12 02:41:35.381 127.0.0.1:52992 - "GET /app/static/Dashboard/static/js/lib.DaUKNU-6.js HTTP/1.1" 200
2026-09-12 03:03:40.731 Please replace `use_container_width` with `width`.

`use_container_width` will be removed after 2025-12-31.

For `use_container_width=True`, use `width='stretch'`. For `use_container_width=False`, use `width='content'`.
2026-09-12 03:03:50.889 Please replace `use_container_width` with `width`.

`use_container_width` will be removed after 2025-12-31.

For `use_container_width=True`, use `width='stretch'`. For `use_container_width=False`, use `width='content'`.
2026-09-12 03:03:51.071 127.0.0.1:53326 - "GET /static/js/DownloadButton.FofvshuE.js HTTP/1.1" 200
2026-09-12 03:03:51.072 127.0.0.1:53327 - "GET /static/js/createDownloadLinkElement.Bo1hqb4Q.js HTTP/1.1" 200
2026-09-12 03:03:51.085 127.0.0.1:53328 - "GET /static/js/DownloadButton.FofvshuE.js HTTP/1.1" 200
2026-09-12 03:03:51.095 127.0.0.1:53328 - "GET /static/js/createDownloadLinkElement.Bo1hqb4Q.js HTTP/1.1" 200
2026-09-12 03:03:51.127 127.0.0.1:53327 - "GET /media/fb96e18382a26812e7219e27367a5f5d.pdf HTTP/1.1" 200
2026-09-12 03:04:16.346 Please replace `use_container_width` with `width`.

`use_container_width` will be removed after 2025-12-31.

For `use_container_width=True`, use `width='stretch'`. For `use_container_width=False`, use `width='content'`.
2026-09-12 03:04:16.546 127.0.0.1:53330 - "GET /static/js/Checkbox.WweDp5Ot.js HTTP/1.1" 200
2026-09-12 03:04:16.554 127.0.0.1:53331 - "GET /static/js/Checkbox.WweDp5Ot.js HTTP/1.1" 200
2026-09-12 03:04:42.114 Please replace `use_container_width` with `width`.

`use_container_width` will be removed after 2025-12-31.

For `use_container_width=True`, use `width='stretch'`. For `use_container_width=False`, use `width='content'`.
2026-09-12 03:04:42.331 127.0.0.1:53335 - "GET /static/js/FormSubmitContent.e-hMzWea.js HTTP/1.1" 200
2026-09-12 03:04:42.400 127.0.0.1:53336 - "GET /static/js/FormSubmitContent.e-hMzWea.js HTTP/1.1" 200
2026-09-12 03:04:45.624 Please replace `use_container_width` with `width`.

`use_container_width` will be removed after 2025-12-31.

For `use_container_width=True`, use `width='stretch'`. For `use_container_width=False`, use `width='content'`.
2026-09-12 03:04:47.993 Please replace `use_container_width` with `width`.

`use_container_width` will be removed after 2025-12-31.

For `use_container_width=True`, use `width='stretch'`. For `use_container_width=False`, use `width='content'`.
2026-09-12 03:04:49.879 Please replace `use_container_width` with `width`.

`use_container_width` will be removed after 2025-12-31.

For `use_container_width=True`, use `width='stretch'`. For `use_container_width=False`, use `width='content'`.
2026-09-12 03:04:51.926 Please replace `use_container_width` with `width`.

`use_container_width` will be removed after 2025-12-31.

For `use_container_width=True`, use `width='stretch'`. For `use_container_width=False`, use `width='content'`.
2026-09-12 03:05:09.040 Please replace `use_container_width` with `width`.

`use_container_width` will be removed after 2025-12-31.

For `use_container_width=True`, use `width='stretch'`. For `use_container_width=False`, use `width='content'`.
2026-09-12 04:24:13.066 127.0.0.1:54098 - "GET /_stcore/health HTTP/1.1" 200
2026-09-12 04:24:13.069 127.0.0.1:54099 - "GET /_stcore/host-config HTTP/1.1" 200
2026-09-12 04:24:13.424 127.0.0.1:54102 - "WebSocket /_stcore/stream" [accepted]
2026-09-12 04:24:13.426 connection open
2026-09-12 04:24:15.487 127.0.0.1:54099 - "GET / HTTP/1.1" 304
2026-09-12 04:24:15.823 127.0.0.1:54099 - "GET /_stcore/health HTTP/1.1" 200
2026-09-12 04:24:15.825 127.0.0.1:54098 - "GET /_stcore/host-config HTTP/1.1" 200
2026-09-12 04:24:16.188 127.0.0.1:54104 - "WebSocket /_stcore/stream" [accepted]
2026-09-12 04:24:16.189 connection open
2026-09-12 04:24:16.279 Please replace `use_container_width` with `width`.

`use_container_width` will be removed after 2025-12-31.

For `use_container_width=True`, use `width='stretch'`. For `use_container_width=False`, use `width='content'`.
2026-09-12 04:24:16.284 127.0.0.1:54098 - "GET /A HTTP/1.1" 200
2026-09-12 04:24:17.977 127.0.0.1:54098 - "GET /media/54e9c1a5182d25092c4d8bec7bb58270.jpg HTTP/1.1" 200
2026-09-12 04:24:22.122 127.0.0.1:54098 - "GET /app/static/Dashboard/dashboard-db.js HTTP/1.1" 200
2026-09-12 04:24:22.333 127.0.0.1:54098 - "GET /favicon.ico HTTP/1.1" 200
2026-09-12 04:24:23.607 127.0.0.1:54107 - "GET /app/static/Dashboard/dashboard-db.js HTTP/1.1" 200
2026-09-12 04:24:24.868 127.0.0.1:54098 - "GET /app/static/ HTTP/1.1" 301
2026-09-12 04:24:24.906 127.0.0.1:54098 - "GET /app/static HTTP/1.1" 200
2026-09-12 04:24:24.997 127.0.0.1:54098 - "GET /app/static/media/SourceSansVF-Upright.ttf.BsWL4Kly.woff2 HTTP/1.1" 200
2026-09-12 04:24:25.014 127.0.0.1:54101 - "GET /app/static/js/index.ByR4Z2EF.js HTTP/1.1" 200
2026-09-12 04:24:25.061 127.0.0.1:54098 - "GET /app/static/css/index.DZDjBcCO.css HTTP/1.1" 200
2026-09-12 04:24:25.063 127.0.0.1:54101 - "GET /app/static/js/rolldown-runtime.C0FnF6B9.js HTTP/1.1" 200
2026-09-12 04:24:25.077 127.0.0.1:54101 - "GET /app/static/js/emotion-styled.browser.esm.Dj5rZcu_.js HTTP/1.1" 200
2026-09-12 04:24:25.081 127.0.0.1:54098 - "GET /app/static/js/emotion-is-prop-valid.esm.CuYlOKOk.js HTTP/1.1" 200
2026-09-12 04:24:25.093 127.0.0.1:54101 - "GET /app/static/js/loglevel.xXLtmX_e.js HTTP/1.1" 200
2026-09-12 04:24:25.097 127.0.0.1:54098 - "GET /app/static/js/react-dom.BzV73oHg.js HTTP/1.1" 200
2026-09-12 04:24:25.139 127.0.0.1:54101 - "GET /app/static/js/emotion-react.browser.esm.DBDHL_YU.js HTTP/1.1" 200
2026-09-12 04:24:25.140 127.0.0.1:54098 - "GET /app/static/js/protobuf.D2FOsaUI.js HTTP/1.1" 200
2026-09-12 04:24:25.159 127.0.0.1:54101 - "GET /app/static/js/getColors.CymiOtHO.js HTTP/1.1" 200
2026-09-12 04:24:25.162 127.0.0.1:54098 - "GET /app/static/js/types.cZoyy9Y-.js HTTP/1.1" 200
2026-09-12 04:24:25.169 127.0.0.1:54101 - "GET /app/static/js/isSymbol.CmW3dkoN.js HTTP/1.1" 200
2026-09-12 04:24:25.173 127.0.0.1:54098 - "GET /app/static/js/toString.tRXNBxtF.js HTTP/1.1" 200
2026-09-12 04:24:25.180 127.0.0.1:54101 - "GET /app/static/js/isArrayLike.Crw2F5li.js HTTP/1.1" 200
2026-09-12 04:24:25.220 127.0.0.1:54098 - "GET /app/static/js/_isIterateeCall.BUStsXAd.js HTTP/1.1" 200
2026-09-12 04:24:25.224 127.0.0.1:54101 - "GET /app/static/js/isArrayLikeObject.B3Zf3PTL.js HTTP/1.1" 200
2026-09-12 04:24:25.232 127.0.0.1:54098 - "GET /app/static/js/merge.D4_AOTv8.js HTTP/1.1" 200
2026-09-12 04:24:25.234 127.0.0.1:54101 - "GET /app/static/js/_baseFlatten.IOj0lc7G.js HTTP/1.1" 200
2026-09-12 04:24:25.243 127.0.0.1:54098 - "GET /app/static/js/last.DfjdtCRp.js HTTP/1.1" 200
2026-09-12 04:24:25.245 127.0.0.1:54101 - "GET /app/static/js/utils.Bid3C9ZE.js HTTP/1.1" 200
2026-09-12 04:24:25.252 127.0.0.1:54098 - "GET /app/static/js/UriUtil.Wq-or4O5.js HTTP/1.1" 200
2026-09-12 04:24:25.256 127.0.0.1:54101 - "GET /app/static/js/useCrossOriginAttribute.CkRekpDE.js HTTP/1.1" 200
2026-09-12 04:24:25.264 127.0.0.1:54098 - "GET /app/static/js/useEmotionTheme.cgGerbj0.js HTTP/1.1" 200
2026-09-12 04:24:25.266 127.0.0.1:54101 - "GET /app/static/js/useFloatingOverlay.DP8o9Tmt.js HTTP/1.1" 200
2026-09-12 04:24:25.274 127.0.0.1:54098 - "GET /app/static/js/Tooltip.bbzhtE2V.js HTTP/1.1" 200
2026-09-12 04:24:25.278 127.0.0.1:54101 - "GET /app/static/js/lib.DaUKNU-6.js HTTP/1.1" 200
2026-09-12 04:24:25.284 127.0.0.1:54098 - "GET /app/static/js/lib.DuoFSfCJ.js HTTP/1.1" 200
2026-09-12 04:24:25.286 127.0.0.1:54101 - "GET /app/static/js/lib.CMmWlZtt.js HTTP/1.1" 200
2026-09-12 04:24:25.295 127.0.0.1:54098 - "GET /app/static/js/space-separated-tokens.BqhiSyze.js HTTP/1.1" 200
2026-09-12 04:24:25.299 127.0.0.1:54101 - "GET /app/static/js/ErrorElement.CZxpg0mG.js HTTP/1.1" 200
2026-09-12 04:24:25.303 127.0.0.1:54098 - "GET /app/static/js/preload-helper.HclGiUj8.js HTTP/1.1" 200
2026-09-12 04:24:25.315 127.0.0.1:54101 - "GET /app/static/js/StreamlitMarkdown.DYzuPhFL.js HTTP/1.1" 200
2026-09-12 04:24:25.336 127.0.0.1:54098 - "GET /app/static/js/_baseIsEqual.sdZCjgvS.js HTTP/1.1" 200
2026-09-12 04:24:25.340 127.0.0.1:54115 - "GET /app/static/js/utils.C3-QKZw0.js HTTP/1.1" 200
2026-09-12 04:24:25.341 127.0.0.1:54113 - "GET /app/static/js/_baseProperty.BV6HSwpm.js HTTP/1.1" 200
2026-09-12 04:24:25.342 127.0.0.1:54114 - "GET /app/static/js/_baseEach.PLhpSRgM.js HTTP/1.1" 200
2026-09-12 04:24:25.348 127.0.0.1:54116 - "GET /app/static/js/FlexContext.C5C5xhXp.js HTTP/1.1" 200
2026-09-12 04:24:25.357 127.0.0.1:54101 - "GET /app/static/js/Icon.D7FzE0QT.js HTTP/1.1" 200
2026-09-12 04:24:25.370 127.0.0.1:54098 - "GET /app/static/js/DynamicIcon.CshBYn8E.js HTTP/1.1" 200
2026-09-12 04:24:25.374 127.0.0.1:54113 - "GET /app/static/js/useDescription.DhcBmKN1.js HTTP/1.1" 200
2026-09-12 04:24:25.375 127.0.0.1:54116 - "GET /app/static/js/Hidden.tKmNEkoU.js HTTP/1.1" 200
2026-09-12 04:24:25.377 127.0.0.1:54114 - "GET /app/static/js/useFocusable.IPfYJBxF.js HTTP/1.1" 200
2026-09-12 04:24:25.378 127.0.0.1:54115 - "GET /app/static/js/useFocusRing.DHkb3Ano.js HTTP/1.1" 200
2026-09-12 04:24:25.386 127.0.0.1:54101 - "GET /app/static/js/shim.BbyJgaa_.js HTTP/1.1" 200
2026-09-12 04:24:25.395 127.0.0.1:54098 - "GET /app/static/js/textSelection.3mUzbG98.js HTTP/1.1" 200
2026-09-12 04:24:25.396 127.0.0.1:54113 - "GET /app/static/js/usePress.Z-7zirtr.js HTTP/1.1" 200
2026-09-12 04:24:25.399 127.0.0.1:54114 - "GET /app/static/js/useCollection.5Kt7BCZv.js HTTP/1.1" 200
2026-09-12 04:24:25.401 127.0.0.1:54115 - "GET /app/static/js/useLabel.DZK1zX4s.js HTTP/1.1" 200
2026-09-12 04:24:25.402 127.0.0.1:54116 - "GET /app/static/js/FocusScope.C5ebNfXr.js HTTP/1.1" 200
2026-09-12 04:24:25.412 127.0.0.1:54101 - "GET /app/static/js/getScrollParent.CNKwFf7j.js HTTP/1.1" 200
2026-09-12 04:24:25.418 127.0.0.1:54114 - "GET /app/static/js/ProgressBar.CUqyemk6.js HTTP/1.1" 200
2026-09-12 04:24:25.419 127.0.0.1:54098 - "GET /app/static/js/NumberFormatter.CHYrjPj-.js HTTP/1.1" 200
2026-09-12 04:24:25.421 127.0.0.1:54113 - "GET /app/static/js/useNumberFormatter.DnjxxY3B.js HTTP/1.1" 200
2026-09-12 04:24:25.423 127.0.0.1:54115 - "GET /app/static/js/SharedElementTransition.Cz1rpH2Z.js HTTP/1.1" 200
2026-09-12 04:24:25.427 127.0.0.1:54116 - "GET /app/static/js/SelectionIndicator.C01CFBRG.js HTTP/1.1" 200
2026-09-12 04:24:25.435 127.0.0.1:54101 - "GET /app/static/js/VisuallyHidden.BEql-Qfj.js HTTP/1.1" 200
2026-09-12 04:24:25.441 127.0.0.1:54114 - "GET /app/static/js/useFormValidation.DAea014h.js HTTP/1.1" 200
2026-09-12 04:24:25.442 127.0.0.1:54116 - "GET /app/static/js/BaseButton.DiyA9nY7.js HTTP/1.1" 200
2026-09-12 04:24:25.443 127.0.0.1:54115 - "GET /app/static/js/styled-components.CMq9oZJa.js HTTP/1.1" 200
2026-09-12 04:24:25.444 127.0.0.1:54113 - "GET /app/static/js/horizontalOverflowFade.BB1N5Tky.js HTTP/1.1" 200
2026-09-12 04:24:25.448 127.0.0.1:54098 - "GET /app/static/js/useToggleState.B7tiZAh3.js HTTP/1.1" 200
2026-09-12 04:24:25.457 127.0.0.1:54101 - "GET /app/static/js/FormClearHelper.m09PLQaJ.js HTTP/1.1" 200
2026-09-12 04:24:25.462 127.0.0.1:54114 - "GET /app/static/js/useTimeout.DgWF0Nme.js HTTP/1.1" 200
2026-09-12 04:24:25.464 127.0.0.1:54116 - "GET /app/static/js/useResizeObserver.3kyCQ1g6.js HTTP/1.1" 200
2026-09-12 04:24:25.465 127.0.0.1:54113 - "GET /app/static/js/Check.esm.Cipw9iKh.js HTTP/1.1" 200
2026-09-12 04:24:25.468 127.0.0.1:54098 - "GET /app/static/js/ContentCopy.esm.B7i0-ihs.js HTTP/1.1" 200
2026-09-12 04:24:25.469 127.0.0.1:54115 - "GET /app/static/js/index.esm.M9ThdiDn.js HTTP/1.1" 200
2026-09-12 04:24:25.477 127.0.0.1:54101 - "GET /app/static/js/Toolbar.ButNSXx3.js HTTP/1.1" 200
2026-09-12 04:24:25.481 127.0.0.1:54114 - "GET /app/static/js/useCopyToClipboard.C-ywP4Jl.js HTTP/1.1" 200
2026-09-12 04:24:25.483 127.0.0.1:54116 - "GET /app/static/js/useRequiredContext.DBsQavvD.js HTTP/1.1" 200
2026-09-12 04:24:25.484 127.0.0.1:54113 - "GET /app/favicon.png HTTP/1.1" 200
2026-09-12 04:24:26.660 127.0.0.1:54107 - "GET /app/static/js/index.ByR4Z2EF.js HTTP/1.1" 200
2026-09-12 04:24:26.663 127.0.0.1:54108 - "GET /app/static/js/rolldown-runtime.C0FnF6B9.js HTTP/1.1" 200
2026-09-12 04:24:26.668 127.0.0.1:54107 - "GET /app/static/js/emotion-styled.browser.esm.Dj5rZcu_.js HTTP/1.1" 200
2026-09-12 04:24:26.669 127.0.0.1:54108 - "GET /app/static/js/emotion-is-prop-valid.esm.CuYlOKOk.js HTTP/1.1" 200
2026-09-12 04:24:26.676 127.0.0.1:54107 - "GET /app/static/js/loglevel.xXLtmX_e.js HTTP/1.1" 200
2026-09-12 04:24:26.678 127.0.0.1:54108 - "GET /app/static/js/react-dom.BzV73oHg.js HTTP/1.1" 200
2026-09-12 04:24:26.682 127.0.0.1:54107 - "GET /app/static/js/emotion-react.browser.esm.DBDHL_YU.js HTTP/1.1" 200
2026-09-12 04:24:26.685 127.0.0.1:54108 - "GET /app/static/js/protobuf.D2FOsaUI.js HTTP/1.1" 200
2026-09-12 04:24:26.690 127.0.0.1:54107 - "GET /app/static/js/getColors.CymiOtHO.js HTTP/1.1" 200
2026-09-12 04:24:26.693 127.0.0.1:54108 - "GET /app/static/js/types.cZoyy9Y-.js HTTP/1.1" 200
2026-09-12 04:24:26.697 127.0.0.1:54107 - "GET /app/static/js/isSymbol.CmW3dkoN.js HTTP/1.1" 200
2026-09-12 04:24:26.699 127.0.0.1:54108 - "GET /app/static/js/toString.tRXNBxtF.js HTTP/1.1" 200
2026-09-12 04:24:26.704 127.0.0.1:54107 - "GET /app/static/js/isArrayLike.Crw2F5li.js HTTP/1.1" 200
2026-09-12 04:24:26.706 127.0.0.1:54108 - "GET /app/static/js/_isIterateeCall.BUStsXAd.js HTTP/1.1" 200
2026-09-12 04:24:26.722 127.0.0.1:54108 - "GET /app/static/js/merge.D4_AOTv8.js HTTP/1.1" 200
2026-09-12 04:24:26.723 127.0.0.1:54107 - "GET /app/static/js/isArrayLikeObject.B3Zf3PTL.js HTTP/1.1" 200
2026-09-12 04:24:26.728 127.0.0.1:54108 - "GET /app/static/js/_baseFlatten.IOj0lc7G.js HTTP/1.1" 200
2026-09-12 04:24:26.731 127.0.0.1:54107 - "GET /app/static/js/last.DfjdtCRp.js HTTP/1.1" 200
2026-09-12 04:24:26.735 127.0.0.1:54108 - "GET /app/static/js/utils.Bid3C9ZE.js HTTP/1.1" 200
2026-09-12 04:24:26.737 127.0.0.1:54107 - "GET /app/static/js/UriUtil.Wq-or4O5.js HTTP/1.1" 200
2026-09-12 04:24:26.743 127.0.0.1:54108 - "GET /app/static/js/useCrossOriginAttribute.CkRekpDE.js HTTP/1.1" 200
2026-09-12 04:24:26.745 127.0.0.1:54107 - "GET /app/static/js/useEmotionTheme.cgGerbj0.js HTTP/1.1" 200
2026-09-12 04:24:26.750 127.0.0.1:54108 - "GET /app/static/js/useFloatingOverlay.DP8o9Tmt.js HTTP/1.1" 200
2026-09-12 04:24:26.751 127.0.0.1:54107 - "GET /app/static/js/Tooltip.bbzhtE2V.js HTTP/1.1" 200
2026-09-12 04:24:26.755 127.0.0.1:54108 - "GET /app/static/js/lib.DaUKNU-6.js HTTP/1.1" 200
2026-09-12 04:24:26.936 127.0.0.1:54113 - "GET /favicon.ico HTTP/1.1" 200
